# ENUM_NAME(Used only as reminder for value); ENUM_VALUE
# MAPPING(keyword); ENUM2_NAME(Used only as reminder for value); ENUM2_VALUE
# VALUE(keyword); INT; STRING
# EXTERNAL(keyword); PATH(Path to csv with external values)

OdBm::BuiltInParameter::ALTERNATE_UNITS;-1006456
VALUE;0;None
VALUE;1;Right
VALUE;2;Below

OdBm::BuiltInParameter::ANALYTICAL_LINK_RELEASE_ROTATION_Z;-1009530
VALUE;0;Fixed
VALUE;1;Released
MAPPING;OdBm::BuiltInParameter::ANALYTICAL_LINK_RELEASE_ROTATION_Y;-1009529
MAPPING;OdBm::BuiltInParameter::ANALYTICAL_LINK_RELEASE_ROTATION_X;-1009528
MAPPING;OdBm::BuiltInParameter::ANALYTICAL_LINK_RELEASE_TRANSLATION_Z;-1009527
MAPPING;OdBm::BuiltInParameter::ANALYTICAL_LINK_RELEASE_TRANSLATION_Y;-1009526
MAPPING;OdBm::BuiltInParameter::ANALYTICAL_LINK_RELEASE_TRANSLATION_X;-1009525

OdBm::BuiltInParameter::ANALYTICAL_MODEL_COLUMN_BASE_EXTENSION;-1009515
VALUE;-16;Base Level Reference
VALUE;-15;Top Level Reference
VALUE;-14;Location Line
VALUE;-10;Default
VALUE;-6;Bottom Of Wall
VALUE;-5;Top Of Wall
VALUE;-4;Bottom Of Column
VALUE;-2;Top Of Column
VALUE;-1;Auto-Detect
MAPPING;OdBm::BuiltInParameter::ANALYTICAL_MODEL_COLUMN_TOP_EXTENSION;-1009513

OdBm::BuiltInParameter::ANALYTICAL_MODEL_END_Z_PROJECTION;-1009505
VALUE;-16;Base Level Reference
VALUE;-15;Top Level Reference
VALUE;-14;Location Line
VALUE;-10;Default
VALUE;-7;Default
VALUE;-6;Bottom Of Wall
VALUE;-5;Top Of Wall
VALUE;-4;Bottom of Element
VALUE;-3;Center of Element
VALUE;-2;Top of Element
VALUE;-1;Auto-Detect
MAPPING;OdBm::BuiltInParameter::ANALYTICAL_MODEL_START_Z_PROJECTION;-1009502

OdBm::BuiltInParameter::ANALYTICAL_MODEL_FLOOR_PROJECTION;-1009517
VALUE;0;Top of Element
VALUE;1;Center of Element
VALUE;2;Bottom of Element

OdBm::BuiltInParameter::ANALYTICAL_MODEL_SKETCH_ALIGNMENT_METHOD;-1009522
VALUE;0;Auto-Detect
VALUE;1;Projection
VALUE;2;<Manually Adjusted>
MAPPING;OdBm::BuiltInParameter::ANALYTICAL_MODEL_WALL_ALIGNMENT_METHOD;-1009518
MAPPING;OdBm::BuiltInParameter::ANALYTICAL_MODEL_FLOOR_ALIGNMENT_METHOD;-1009516
MAPPING;OdBm::BuiltInParameter::ANALYTICAL_MODEL_BASE_EXTENSION_METHOD;-1009514
MAPPING;OdBm::BuiltInParameter::ANALYTICAL_MODEL_TOP_EXTENSION_METHOD;-1009512
MAPPING;OdBm::BuiltInParameter::ANALYTICAL_MODEL_TOP_ALIGNMENT_METHOD;-1009509
MAPPING;OdBm::BuiltInParameter::ANALYTICAL_MODEL_BASE_ALIGNMENT_METHOD;-1009506
MAPPING;OdBm::BuiltInParameter::ANALYTICAL_MODEL_END_ALIGNMENT_METHOD;-1009503
MAPPING;OdBm::BuiltInParameter::ANALYTICAL_MODEL_START_ALIGNMENT_METHOD;-1009500

OdBm::BuiltInParameter::ANALYTICAL_MODEL_TOP_Y_PROJECTION;-1009511
VALUE;-13;Right of Element
VALUE;-12;Left of Element
VALUE;-11;Location Line
VALUE;-10;Center of Core
VALUE;-8;Default
VALUE;-6;Floor/Slab Edge
VALUE;-4;Exterior Face of Element
VALUE;-3;Center of Element
VALUE;-2;Interior Face of Element
VALUE;-1;Auto-Detect
MAPPING;OdBm::BuiltInParameter::ANALYTICAL_MODEL_BASE_Y_PROJECTION;-1009508
MAPPING;OdBm::BuiltInParameter::ANALYTICAL_MODEL_END_Y_PROJECTION;-1009504
MAPPING;OdBm::BuiltInParameter::ANALYTICAL_MODEL_START_Y_PROJECTION;-1009501

OdBm::BuiltInParameter::ANALYTICAL_MODEL_TOP_Z_PROJECTION;-1009510
VALUE;-13;Bottom of Element
VALUE;-12;Top of Element
VALUE;-11;Location Line
VALUE;-10;Center of Core
VALUE;-8;Default
VALUE;-6;Floor/Slab Edge
VALUE;-4;Exterior Face of Element
VALUE;-3;Center of Element
VALUE;-2;Interior Face of Element
VALUE;-1;Auto-Detect
MAPPING;OdBm::BuiltInParameter::ANALYTICAL_MODEL_BASE_Z_PROJECTION;-1009507

OdBm::BuiltInParameter::ARROW_TYPE;-1006413
VALUE;0;Diagonal
VALUE;3;Dot
VALUE;7;Heavy end tick mark
VALUE;8;Arrow
VALUE;9;Datum triangle
VALUE;10;Box
VALUE;11;Elevation Target
VALUE;12;Loop

OdBm::BuiltInParameter::AUTO_JOIN_CONDITION;-1007387
VALUE;0;Not Defined
VALUE;1;Grid 1 Continuous
VALUE;2;Grid 2 Continuous
VALUE;3;Border and Grid 1 Continuous
VALUE;4;Border and Grid 2 Continuous

OdBm::BuiltInParameter::AUTO_JOIN_CONDITION_WALL;-1007395
VALUE;0;Not Defined
VALUE;1;Vertical Grid Continuous
VALUE;2;Horizontal Grid Continuous
VALUE;3;Border and Vertical Grid Continuous
VALUE;4;Border and Horizontal Grid Continuous
VALUE;5;Pipe Standard
VALUE;6;I-shape Parallel Flange
VALUE;7;I-shape Sloped Flange
VALUE;8;I-shape Wide Flange
VALUE;9;C-channel Parallel Flange
VALUE;10;C-channel Sloped Flange
VALUE;11;L-angle
VALUE;12;Rectangular Bar
VALUE;13;Round Bar
VALUE;14;Rectangular HSS
VALUE;15;Round HSS
VALUE;16;I-shape Welded
VALUE;17;I-split Parallel Flange
VALUE;18;I-split Sloped Flange
VALUE;19;Structural Tees
VALUE;20;C Profile
VALUE;21;C Profile with Lips
VALUE;22;C Profile with Fold
VALUE;23;L Profile
VALUE;24;L Profile with Lips
VALUE;25;Z Profile
VALUE;26;Z Profile with Lips
VALUE;27;Sigma Profile
VALUE;28;Sigma Profile with Lips
VALUE;29;Sigma Profile with Fold
VALUE;30;User Defined
VALUE;31;Rectangle
VALUE;32;Rectangle Cut
VALUE;33;T-Shape
VALUE;34;Cross-Shape
VALUE;35;Round
MAPPING;OdBm::BuiltInParameter::STRUCTURAL_SECTION_SHAPE;-1005501

OdBm::BuiltInParameter::AUTO_MULLION_BORDER2_HORIZ;-1007394
VALUE;-4;Level Below
VALUE;-3;Current Level
VALUE;-2;Level Above
VALUE;-1;None
VALUE;0;Project Phase Information
VALUE;1;Project Phase Information
VALUE;2;Line Weights
VALUE;3;Fill Patterns : <Solid fill>
VALUE;4;Fill Patterns : Diagonal up
VALUE;5;Fill Patterns : Diagonal down
VALUE;6;Fill Patterns : Horizontal
VALUE;7;Fill Patterns : Vertical
VALUE;8;Fill Patterns : Crosshatch
VALUE;9;Fill Patterns : Diagonal cross-hatch
VALUE;10;Long Dash
VALUE;11;Dash
VALUE;12;Loose dash
VALUE;13;Centre
VALUE;14;Double dash
VALUE;15;Triple dash
VALUE;16;Dash dot
VALUE;17;Dash dot dot
VALUE;18;Dot
VALUE;19;Overhead
VALUE;20;Hidden
VALUE;21;Demolished
VALUE;22;Grid Line
VALUE;23;Default
VALUE;24;Default Wall
VALUE;25;Default Roof
VALUE;26;Glass
VALUE;27;Dash
VALUE;28;Loose dash
VALUE;29;Phase - Temporary
VALUE;30;Walls
VALUE;31;Triple dash
VALUE;32;Surface Pattern
VALUE;33;Dash dot dot
VALUE;34;Windows
VALUE;35;Overhead
VALUE;36;Hidden
VALUE;37;Demolished
VALUE;38;Frame/Mullion
VALUE;39;Default
VALUE;40;Sill/Head
VALUE;41;Default Roof
VALUE;42;Opening
VALUE;43;Phase-Demo
VALUE;44;Doors
VALUE;45;Phase-Temp
VALUE;46;Panel
VALUE;47;Default Light Source
VALUE;48;Analytical Floor Surface
MAPPING;OdBm::BuiltInParameter::AUTO_MULLION_BORDER1_HORIZ;-1007393
MAPPING;OdBm::BuiltInParameter::AUTO_MULLION_BORDER2_VERT;-1007392
MAPPING;OdBm::BuiltInParameter::AUTO_MULLION_BORDER1_VERT;-1007391
MAPPING;OdBm::BuiltInParameter::AUTO_MULLION_INTERIOR_HORIZ;-1007390
MAPPING;OdBm::BuiltInParameter::AUTO_MULLION_INTERIOR_VERT;-1007389
MAPPING;OdBm::BuiltInParameter::AUTO_PANEL_WALL;-1007388
MAPPING;OdBm::BuiltInParameter::AUTO_PANEL;-1007386
MAPPING;OdBm::BuiltInParameter::AUTO_MULLION_BORDER2_GRID2;-1007385
MAPPING;OdBm::BuiltInParameter::AUTO_MULLION_BORDER1_GRID2;-1007384
MAPPING;OdBm::BuiltInParameter::AUTO_MULLION_BORDER2_GRID1;-1007383
MAPPING;OdBm::BuiltInParameter::AUTO_MULLION_BORDER1_GRID1;-1007382
MAPPING;OdBm::BuiltInParameter::AUTO_MULLION_INTERIOR_GRID2;-1007381
MAPPING;OdBm::BuiltInParameter::AUTO_MULLION_INTERIOR_GRID1;-1007380
MAPPING;OdBm::BuiltInParameter::VIEW_UNDERLAY_BOTTOM_ID;-1005153

OdBm::BuiltInParameter::CALLOUT_SYNCRONIZE_BOUND_OFFSET_FAR;-1008203
VALUE;0;Independent
VALUE;1;Same as parent view

OdBm::BuiltInParameter::COLOR_FILL_FILTERED_PARAM;-1007502
VALUE;0;All
VALUE;1;By View

OdBm::BuiltInParameter::COLUMN_BASE_ATTACH_JUSTIFICATION_PARAM;-1002556
VALUE;0;Minimum Intersection
VALUE;1;Intersect Column Midline
VALUE;2;Maximum Intersection
VALUE;3;Tangent
MAPPING;OdBm::BuiltInParameter::COLUMN_TOP_ATTACH_JUSTIFICATION_PARAM;-1002555

OdBm::BuiltInParameter::CONTINUOUSRAIL_DEFAULT_JOIN_TYPE_PARAM;-1150337
VALUE;0;Miter
VALUE;1;Fillet

OdBm::BuiltInParameter::CONTINUOUSRAIL_END_TERMINATION_ATTACHMENT_PARAM;-1150349
VALUE;0;None
VALUE;1;Wall
VALUE;2;Floor
VALUE;3;Post
MAPPING;OdBm::BuiltInParameter::CONTINUOUSRAIL_BEGINNING_TERMINATION_ATTACHMENT_PARAM;-1150347

OdBm::BuiltInParameter::CONTINUOUSRAIL_TRANSITION_TYPE_PARAM;-1150343
VALUE;0;None
VALUE;1;Gooseneck
VALUE;2;Simple

OdBm::BuiltInParameter::CONTINUOUS_FOOTING_STRUCTURAL_USAGE;-1001563
VALUE;0;Retaining
VALUE;1;Bearing

OdBm::BuiltInParameter::CONTOUR_LABELS_ELEV_BASE_TYPE;-1012621
VALUE;0;Project Base Point
VALUE;1;Survey Point
VALUE;2;Relative
MAPPING;OdBm::BuiltInParameter::LEVEL_RELATIVE_BASE_TYPE;-1007109
MAPPING;OdBm::BuiltInParameter::SPOT_COORDINATE_BASE;-1006461
MAPPING;OdBm::BuiltInParameter::SPOT_ELEV_BASE;-1006437

OdBm::BuiltInParameter::CUT_LINE_TYPE;-1006620
VALUE;0;Single Line
VALUE;1;Double Line

OdBm::BuiltInParameter::CUT_MARK_SYMBOL;-1006616
VALUE;0;None
VALUE;1;Zigzag
VALUE;2;Curve

OdBm::BuiltInParameter::CWP_REUSE_EXISTING_GRIDS;-1016008
VALUE;0;Don't reuse
VALUE;1;Reuse if Elements match exactly
VALUE;2;Reuse if within offset
MAPPING;OdBm::BuiltInParameter::CWP_REUSE_EXISTING_LEVELS;-1016007

OdBm::BuiltInParameter::DATUM_BUBBLE_LOCATION_IN_ELEV;-1008003
VALUE;0;None
VALUE;1;Both
VALUE;2;Top
VALUE;3;Bottom

OdBm::BuiltInParameter::DIAMETER_SYMBOL_LOCATION;-1006998
VALUE;0;None
VALUE;1;Before Value
VALUE;2;After Value
MAPPING;OdBm::BuiltInParameter::RADIUS_SYMBOL_LOCATION;-1006408

OdBm::BuiltInParameter::DIM_DISPLAY_EQ;-1004514
VALUE;0;Value
VALUE;1;Equality Text
VALUE;2;Equality Formula

OdBm::BuiltInParameter::DIM_LEADER_DISPLAY_CONDITION;-1006510
VALUE;0;Away From Origin
VALUE;1;Beyond Witness Lines

OdBm::BuiltInParameter::DIM_LEADER_TYPE;-1006508
VALUE;0;Line
VALUE;1;Arc

OdBm::BuiltInParameter::DIM_STYLE_READ_CONVENTION;-1006448
VALUE;0;Horizontal
VALUE;1;Up, then Left
VALUE;2;Up, then Right
VALUE;3;Left, then Up
VALUE;4;Right, then Up

OdBm::BuiltInParameter::DIM_TEXT_BACKGROUND;-1006429
VALUE;0;Opaque
VALUE;1;Transparent
MAPPING;OdBm::BuiltInParameter::TEXT_BACKGROUND;-1006314

OdBm::BuiltInParameter::DIM_TEXT_LOCATION_FOR_LEADER;-1006511
VALUE;0;Inline
VALUE;1;Above

OdBm::BuiltInParameter::DIM_WITNS_LINE_CNTRL;-1006432
VALUE;0;Gap to Element
VALUE;1;Fixed to Dimension Line

OdBm::BuiltInParameter::ELEMENT_IS_CUTTING;-1001807
VALUE;0;Solid
VALUE;1;Void

OdBm::BuiltInParameter::ELEM_IS_REFERENCE;-1004001
VALUE;0;Not a Reference
VALUE;1;Weak Reference
VALUE;2;Strong Reference

OdBm::BuiltInParameter::ELEM_REFERENCE_NAME;-1004003
VALUE;0;Left
VALUE;1;Center (Left/Right)
VALUE;2;Right
VALUE;3;Front
VALUE;4;Center (Front/Back)
VALUE;5;Back
VALUE;6;Bottom
VALUE;7;Center (Elevation)
VALUE;8;Top
VALUE;12;Not a Reference
VALUE;13;Strong Reference
VALUE;14;Weak Reference

OdBm::BuiltInParameter::EQUALITY_WITNESS_DISPLAY;-1006517
VALUE;0;Tick and Line
VALUE;1;Tick only
VALUE;2;Hide

OdBm::BuiltInParameter::FABRIC_SHEET_MINOR_LAYOUT_PATTERN;-1017618
VALUE;0;Actual Spacing
VALUE;1;Fixed Number
VALUE;2;Maximum Spacing
VALUE;3;Number with Spacing
VALUE;4;Quantitative Spacing
MAPPING;OdBm::BuiltInParameter::FABRIC_SHEET_MAJOR_LAYOUT_PATTERN;-1017611

OdBm::BuiltInParameter::FAMILY_CONTENT_PART_TYPE;-1114206
VALUE;-1;Undefined
VALUE;0;Normal
VALUE;1;Duct Mounted
VALUE;2;Junction Box
VALUE;3;Attaches To
VALUE;4;Breaks Into
VALUE;5;Elbow
VALUE;6;Tee
VALUE;7;Transition
VALUE;8;Cross
VALUE;9;Cap
VALUE;10;Tap - Perpendicular
VALUE;11;Tap - Adjustable
VALUE;12;Offset
VALUE;13;Union
VALUE;14;Panelboard
VALUE;15;Transformer
VALUE;16;Switchboard
VALUE;17;Other Panel
VALUE;18;Equipment Switch
VALUE;19;Switch
VALUE;20;Valve - Breaks Into
VALUE;21;Spud - Perpendicular
VALUE;22;Spud - Adjustable
VALUE;23;Damper
VALUE;24;Wye
VALUE;25;Lateral Tee
VALUE;26;Lateral Cross
VALUE;27;Pants
VALUE;28;Multi Port
VALUE;29;Valve - Normal
VALUE;30;Tee
VALUE;31;Cross
VALUE;32;Flange
VALUE;34;Junction Box Elbow
VALUE;35;Channel Elbow
VALUE;36;Channel Vertical Elbow
VALUE;37;Channel Cross
VALUE;38;Channel Tee
VALUE;39;Channel Transition
VALUE;40;Channel Union
VALUE;41;Channel Offset
VALUE;42;Channel Multi Port
VALUE;43;Ladder Elbow
VALUE;44;Ladder Vertical Elbow
VALUE;45;Ladder Cross
VALUE;46;Ladder Tee
VALUE;47;Ladder Transition
VALUE;48;Ladder Union
VALUE;49;Ladder Offset
VALUE;50;Ladder Multi Port
VALUE;51;Inline Sensor
VALUE;52;Sensor
VALUE;53;EndCap
VALUE;54;Handrail Brackets
VALUE;55;Panel Brackets
VALUE;56;Terminations
VALUE;57;Rails
VALUE;58;Handrails
VALUE;59;Top Rails
VALUE;60;Mechanical Coupling

OdBm::BuiltInParameter::FAMILY_CURVE_ATTACHMENT_PROPORTION;-1150140
VALUE;0;<None>
VALUE;1;Start
VALUE;2;Middle
VALUE;3;End

OdBm::BuiltInParameter::FAMILY_IS_ELEVATION_MARK_BODY;-1012842
VALUE;0;Pointer
VALUE;1;Body

OdBm::BuiltInParameter::FAMILY_RENDERING_TYPE;-1005196
VALUE;3;Family Geometry
VALUE;4;Third Party

OdBm::BuiltInParameter::FAMILY_ROUNDCONNECTOR_DIMENSIONTYPE;-1152375
VALUE;0;Use Radius
VALUE;1;Use Diameter

OdBm::BuiltInParameter::FAMILY_STRUCT_MATERIAL_TYPE;-1001550
VALUE;1;Steel
VALUE;2;Concrete
VALUE;3;Wood
VALUE;4;Other
VALUE;5;Precast Concrete

OdBm::BuiltInParameter::FAMILY_SYMBOLIC_REP;-1005197
VALUE;0;From Family
VALUE;1;From Project Settings

OdBm::BuiltInParameter::FAM_PROFILE_DEFINITION;-1152374
VALUE;0;Single Chain
VALUE;1;Double Chain

OdBm::BuiltInParameter::FAM_PROFILE_USAGE;-1001821
VALUE;0;<Generic>
VALUE;1;Wall Sweep
VALUE;2;Reveal
VALUE;3;Fascia
VALUE;4;Gutter
VALUE;5;Slab Edge
VALUE;6;Railing
VALUE;7;Stair Nosing
VALUE;8;Mullion
VALUE;9;Slab Metal Deck
VALUE;10;Wall Foundation
VALUE;11;Stair Tread
VALUE;12;Stair Riser
VALUE;13;Stair Support

OdBm::BuiltInParameter::FBX_LIGHT_DIMMING_LIGHT_COLOR;-1150117
VALUE;-12;Advanced Sample Project
VALUE;0;<None>
VALUE;1;Incandescent Lamp Curve
VALUE;6;Stacked Wall

OdBm::BuiltInParameter::FBX_LIGHT_INITIAL_INTENSITY_INPUT_METHOD;-1150132
VALUE;1;Wattage
VALUE;2;Luminous Flux
VALUE;3;Luminous Intensity
VALUE;4;Illuminance

OdBm::BuiltInParameter::FBX_LIGHT_LOSS_FACTOR_METHOD;-1150137
VALUE;0;Simple
VALUE;1;Advanced

OdBm::BuiltInParameter::FUNCTION_PARAM;-1001006
VALUE;0;Interior
VALUE;1;Exterior
VALUE;2;Foundation
VALUE;3;Retaining
VALUE;4;Soffit
VALUE;5;Coreshaft

OdBm::BuiltInParameter::GRIDLINE_SPEC_STATUS;-1013308
VALUE;1;Dependent
VALUE;2;Independent

OdBm::BuiltInParameter::GRID_CENTER_SEGMENT_STYLE;-1006704
VALUE;0;Continuous
VALUE;1;None
VALUE;2;Custom

OdBm::BuiltInParameter::GRID_END_SEGMENT_PATTERN;-1006710
VALUE;-3000020;Aligning Line
VALUE;-3000019;Dash dot dot
VALUE;-3000018;Triple dash
VALUE;-3000017;Loose dash
VALUE;-3000016;Long dash
VALUE;-3000015;Double dash
VALUE;-3000014;Dot
VALUE;-3000013;Dash dot
VALUE;-3000012;Dash
VALUE;-3000011;Center
VALUE;-3000010;Solid
MAPPING;OdBm::BuiltInParameter::DIM_STYLE_CENTERLINE_PATTERN;-1006434
MAPPING;OdBm::BuiltInParameter::LINE_PATTERN;-1006305

OdBm::BuiltInParameter::HANDRAIL_SUPPORTS_JUSTIFICATION_PARAM;-1150355
VALUE;0;Begin
VALUE;1;Center
VALUE;2;End
VALUE;3;Beginning
VALUE;4;Direction Line
MAPPING;OdBm::BuiltInParameter::JOIST_SYSTEM_JUSTIFICATION_PARAM;-1013409

OdBm::BuiltInParameter::HANDRAIL_SUPPORTS_LAYOUT_PARAM;-1150352
VALUE;0;None
VALUE;1;FixedDistance
VALUE;2;FixedNumber
VALUE;3;MaximumSpacing
VALUE;5;MinimumSpacing
MAPPING;OdBm::BuiltInParameter::SPACING_LAYOUT_2;-1013331
MAPPING;OdBm::BuiltInParameter::SPACING_LAYOUT_1;-1013330
MAPPING;OdBm::BuiltInParameter::SPACING_LAYOUT_HORIZ;-1013301
MAPPING;OdBm::BuiltInParameter::SPACING_LAYOUT_VERT;-1013300
MAPPING;OdBm::BuiltInParameter::REPEATING_DETAIL_LAYOUT;-1011105

OdBm::BuiltInParameter::HOST_PANEL_SCHEDULE_AS_PANEL_PARAM;-1001124
VALUE;0;Wall
VALUE;1;Panel

OdBm::BuiltInParameter::IMPORT_BACKGROUND;-1007705
VALUE;0;Foreground
VALUE;1;Background
MAPPING;OdBm::BuiltInParameter::COLOR_SCHEME_LOCATION;-1005183

OdBm::BuiltInParameter::IMPORT_DISPLAY_UNITS;-1007704
VALUE;0;meter
VALUE;1;centimeter
VALUE;2;millimeter
VALUE;3;feet
VALUE;6;inch

OdBm::BuiltInParameter::INSTANCE_STRUCT_USAGE_PARAM;-1001381
VALUE;0;Undefined
VALUE;1;Wall
VALUE;2;Column
VALUE;3;Girder
VALUE;4;Joist
VALUE;5;Purlin
VALUE;6;Other
VALUE;7;Brace
VALUE;8;HorizontalBracing
VALUE;9;KickerBracing
VALUE;10;Automatic
VALUE;11;TrussChord
VALUE;12;TrussWeb

OdBm::BuiltInParameter::INTERIOR_TICK_DISPLAY;-1006523
VALUE;0;Dynamic
VALUE;1;Always Show

OdBm::BuiltInParameter::LEADER_RIGHT_ATTACHMENT;-1150231
VALUE;0;Top
VALUE;1;Middle
VALUE;2;Bottom
MAPPING;OdBm::BuiltInParameter::LEADER_LEFT_ATTACHMENT;-1150230
MAPPING;OdBm::BuiltInParameter::RBS_CURVE_VERT_OFFSET_PARAM;-1114106

OdBm::BuiltInParameter::LEGEND_COMPONENT_DETAIL_LEVEL;-1133753
VALUE;0;From View
VALUE;1;Coarse
VALUE;2;Medium
VALUE;3;Fine
MAPPING;OdBm::BuiltInParameter::VIEW_DETAIL_LEVEL;-1011002

OdBm::BuiltInParameter::LINE_SHAPE_AT_CORNER;-1006624
VALUE;0;Straight
VALUE;1;Curved

OdBm::BuiltInParameter::LOAD_USE_LOCAL_COORDINATE_SYSTEM;-1015001
VALUE;0;Project
VALUE;1;Work Plane

OdBm::BuiltInParameter::MODEL_GRAPHICS_STYLE_ANON_DRAFT;-1005172
VALUE;1;Wireframe
VALUE;2;Hidden Line

OdBm::BuiltInParameter::MULLION_FAM_TYPE;-1007352
VALUE;0;Rectangular Mullion
VALUE;1;Circular Mullion
VALUE;2;L Corner Mullion
VALUE;3;V Corner Mullion
VALUE;4;Trapezoid Corner Mullion
VALUE;5;Quad Corner Mullion

OdBm::BuiltInParameter::MULLION_POSITION;-1007362
VALUE;-3;Perpendicular to Face
VALUE;-2;Parallel to Ground
VALUE;-1;Perpendicular to Face

OdBm::BuiltInParameter::MULLION_PROFILE;-1007361
VALUE;-3;System Mullion Profile: Rectangular
VALUE;-2;System Mullion Profile: Circular
VALUE;-1;Default

OdBm::BuiltInParameter::NUMBER_SYSTEM_DISPLAY_RULE;-1006643
VALUE;0;All
VALUE;1;Odd
VALUE;2;Even
VALUE;3;Start and End

OdBm::BuiltInParameter::NUMBER_SYSTEM_JUSTIFY;-1006641
VALUE;0;Front
VALUE;1;Center
VALUE;2;Back

OdBm::BuiltInParameter::NUMBER_SYSTEM_TAG_TYPE;-1006644
VALUE;0;Riser
VALUE;1;Tread

OdBm::BuiltInParameter::PART_MAKER_SPLITTER_PROFILE_EDGE_MATCH;-1150622
VALUE;0;Complementary
VALUE;1;Mirrored
VALUE;2;Rotated

OdBm::BuiltInParameter::PATH_REIN_FACE_SLAB;-1018300
VALUE;0;Top
VALUE;1;Bottom

OdBm::BuiltInParameter::PHASE_DEMOLISHED;-1012101
VALUE;-2;Default
VALUE;-1;None
VALUE;0;New Construction
VALUE;3;New Construction
MAPPING;OdBm::BuiltInParameter::DIM_STYLE_CENTERLINE_TICK_MARK;-1006445

OdBm::BuiltInParameter::PHY_MATERIAL_PARAM_BEHAVIOR;-1140322
VALUE;0;Isotropic
VALUE;1;Orthotropic
VALUE;2;TransverseIsotropic

OdBm::BuiltInParameter::PHY_MATERIAL_PARAM_CLASS;-1150464
VALUE;0;Undefined
VALUE;1;Power
VALUE;2;Lighting
VALUE;3;Hvac

OdBm::BuiltInParameter::PHY_MATERIAL_PARAM_TYPE;-1140400
VALUE;0;Undefined
VALUE;1;Steel
VALUE;2;Concrete
VALUE;3;Wood
VALUE;4;Other
VALUE;5;PrecastConcrete
VALUE;6;Generic
VALUE;7;Aluminum

OdBm::BuiltInParameter::PLAN_VIEW_NORTH;-1005168
VALUE;0;Project North
VALUE;1;True North

OdBm::BuiltInParameter::PLAN_VIEW_VIEW_DIR;-1008209
VALUE;0;Down
VALUE;1;Up
MAPPING;OdBm::BuiltInParameter::SPOT_SLOPE_SLOPE_DIRECTION;-1006492

OdBm::BuiltInParameter::POINT_ELEMENT_MEASUREMENT_TYPE;-1150220
VALUE;1;Non-Normalized Curve Parameter
VALUE;2;Normalized Curve Parameter
VALUE;3;Segment Length
VALUE;4;Normalized Segment Length
VALUE;5;Chord Length

OdBm::BuiltInParameter::POINT_ELEMENT_MEASURE_FROM;-1150227
VALUE;1;Beginning
VALUE;2;End

OdBm::BuiltInParameter::RAILING_SYSTEM_SECONDARY_HANDRAILS_POSITION_PARAM;-1150334
VALUE;0;None
VALUE;1;Left
VALUE;2;Right
VALUE;3;Left and Right
MAPPING;OdBm::BuiltInParameter::RAILING_SYSTEM_HANDRAILS_POSITION_PARAM;-1150330

OdBm::BuiltInParameter::RAMP_ATTR_SHAPE;-1008305
VALUE;0;Thick
VALUE;1;Solid

OdBm::BuiltInParameter::RBS_CURVETYPE_PREFERRED_BRANCH_PARAM;-1114134
VALUE;0;Tap
VALUE;1;Tee
VALUE;2;Tap

OdBm::BuiltInParameter::RBS_CURVE_HOR_OFFSET_PARAM;-1114105
VALUE;0;Center
VALUE;1;Left
VALUE;2;Right
VALUE;3;Left Quarter
VALUE;4;Right Quarter
MAPPING;OdBm::BuiltInParameter::NUMBER_SYSTEM_REFERENCE;-1006642

OdBm::BuiltInParameter::RBS_DISTRIBUTIONSYS_CONFIG_PARAM;-1140060
VALUE;0;None
VALUE;1;Wye
VALUE;2;Delta

OdBm::BuiltInParameter::RBS_DISTRIBUTIONSYS_PHASE_PARAM;-1140061
VALUE;0;Single
VALUE;1;Three

OdBm::BuiltInParameter::RBS_DUCT_SYSTEM_CALCULATION_PARAM;-1140336
VALUE;-1;All
VALUE;0;None
VALUE;1;Flow only
VALUE;4;Performance
MAPPING;OdBm::BuiltInParameter::RBS_PIPE_SYSTEM_CALCULATION_PARAM;-1140335

OdBm::BuiltInParameter::RBS_ELEC_CIRCUIT_NAMING;-1140087
VALUE;0;Prefixed
VALUE;1;Standard
VALUE;2;Panel Name
VALUE;3;By Phase

OdBm::BuiltInParameter::RBS_ELEC_CIRCUIT_NUMBERING_TYPE;-1155099
VALUE;0;Default
VALUE;1;Continue Numbering

OdBm::BuiltInParameter::RBS_ELEC_PANEL_CONFIGURATION_PARAM;-1140170
VALUE;0;One Column
VALUE;1;Two Columns, Circuits Across
VALUE;2;Two Columns, Circuits Down

OdBm::BuiltInParameter::RBS_ELEC_POWER_FACTOR_STATE;-1140009
VALUE;0;Leading
VALUE;1;Lagging

OdBm::BuiltInParameter::RBS_ELEC_WIRE_TICKMARK_STATE;-1140106
VALUE;0;Calculated
VALUE;1;On
VALUE;2;Off

OdBm::BuiltInParameter::RBS_ELEC_WIRE_TYPE;-1140097
VALUE;0;Arc
VALUE;1;Chamfer

OdBm::BuiltInParameter::RBS_ENERGY_ANALYSIS_MODE;-1152378
VALUE;0;Use Building Elements
VALUE;1;Use Conceptual Masses
VALUE;2;Use Conceptual Masses and Building Elements

OdBm::BuiltInParameter::RBS_FLEX_PATTERN_PARAM;-1114005
VALUE;-1;Undefined
VALUE;0;Single Line
VALUE;1;Circle
VALUE;2;Oval
VALUE;3;Flex
VALUE;4;Flex 2
VALUE;5;Curve
VALUE;6;Single Line 45

OdBm::BuiltInParameter::RBS_FP_SPRINKLER_COVERAGE_PARAM;-1140261
VALUE;0;Standard
VALUE;1;Extended

OdBm::BuiltInParameter::RBS_FP_SPRINKLER_ORIFICE_PARAM;-1140262
VALUE;0;Standard
VALUE;1;Small
VALUE;2;Extra Large

OdBm::BuiltInParameter::RBS_FP_SPRINKLER_PRESSURE_CLASS_PARAM;-1140263
VALUE;0;Standard
VALUE;1;High Pressure

OdBm::BuiltInParameter::RBS_FP_SPRINKLER_RESPONSE_PARAM;-1140260
VALUE;0;Standard
VALUE;1;Quick

OdBm::BuiltInParameter::RBS_PIPE_FLOW_CONFIGURATION_PARAM;-1140249
VALUE;0;Calculated
VALUE;1;Preset
VALUE;2;System
VALUE;3;Fixture Units

OdBm::BuiltInParameter::RBS_PIPE_FLOW_DIRECTION_PARAM;-1140248
VALUE;0;Bidirectional
VALUE;1;In
VALUE;2;Out

OdBm::BuiltInParameter::RBS_PIPE_FLOW_STATE_PARAM;-1140209
VALUE;0;Laminar

OdBm::BuiltInParameter::RBS_PIPE_JOINTTYPE_PARAM;-1140278
EXTERNAL;PipeJointTypes.csv

OdBm::BuiltInParameter::RBS_PIPE_TYPE_FITTING_LOSS_METHOD_PARAM;-1140234
VALUE;0;Not Defined
VALUE;1;K Coefficient from Table
VALUE;2;K Coefficient
VALUE;3;Cv Coefficient
VALUE;4;Specific Loss
VALUE;5;Use Definition on Type
MAPPING;OdBm::BuiltInParameter::RBS_PIPE_FITTING_LOSS_METHOD_PARAM;-1140230

OdBm::BuiltInParameter::RBS_PIPING_SYSTEM_TYPE_PARAM;-1140334
EXTERNAL;SystemTypes.csv
MAPPING;OdBm::BuiltInParameter::RBS_ELEC_CIRCUIT_TYPE;-1140018
MAPPING;OdBm::BuiltInParameter::RBS_PIPE_CONNECTOR_SYSTEM_CLASSIFICATION_PARAM;-1133410
MAPPING;OdBm::BuiltInParameter::RBS_SYSTEM_CLASSIFICATION_PARAM;-1140325

OdBm::BuiltInParameter::RBS_SYSTEM_FLOW_CONVERSION_METHOD_PARAM;-1140328
VALUE;0;Predominantly Flush Valves
VALUE;1;Predominantly Flush Tanks

OdBm::BuiltInParameter::RBS_WIRE_NEUTRAL_MODE_PARAM;-1140022
VALUE;0;Hot Conductor Size
VALUE;1;Unbalanced Current

OdBm::BuiltInParameter::REBAR_BAR_DEFORMATION_TYPE;-1018274
VALUE;0;Deformed
VALUE;1;Plain

OdBm::BuiltInParameter::REBAR_ELEM_HOOK_STYLE;-1017026
VALUE;0;Standard
VALUE;1;Stirrup / Tie
MAPPING;OdBm::BuiltInParameter::REBAR_SHAPE_HOOK_STYLE;-1017022
MAPPING;OdBm::BuiltInParameter::REBAR_HOOK_STYLE;-1017017

OdBm::BuiltInParameter::REBAR_ELEM_LAYOUT_RULE;-1017011
VALUE;0;Single
VALUE;1;Fixed Number
VALUE;2;Maximum Spacing
VALUE;3;Number with Spacing
VALUE;4;Minimum Clear Spacing

OdBm::BuiltInParameter::REBAR_GEOMETRY_TYPE;-1154694
VALUE;0;Shape Driven
VALUE;1;Free Form

OdBm::BuiltInParameter::REBAR_HOST_CATEGORY;-1017055
VALUE;0;Other
VALUE;1;Part
VALUE;2;Structural Column
VALUE;3;Structural Framing
VALUE;4;Wall
VALUE;5;Floor
VALUE;6;Structural Foundation
VALUE;7;Stairs
VALUE;8;Slab Edge

OdBm::BuiltInParameter::REBAR_INSTANCE_STIRRUP_TIE_ATTACHMENT;-1017047
VALUE;0;Interior Face of Cover Reference
VALUE;1;Exterior Face of Cover Reference

OdBm::BuiltInParameter::REBAR_SYSTEM_LAYOUT_RULE;-1018001
VALUE;1;Fixed Distance
VALUE;2;Fixed Number
VALUE;3;Maximum Spacing
VALUE;4;Clear Spacing
MAPPING;OdBm::BuiltInParameter::JOIST_SYSTEM_LAYOUT_RULE_PARAM;-1013410

OdBm::BuiltInParameter::REBAR_WORKSHOP_INSTRUCTIONS;-1154695
VALUE;0;Bend
VALUE;1;Keep Straight

OdBm::BuiltInParameter::REFERENCE_VIEWER_ATTR_TAG;-1140756
VALUE;-1;<none>
VALUE;0;Linear Dimension Style : Linear
VALUE;11;Text : 2.5mm
VALUE;14;Label : Tag 1
VALUE;18;Level : Level 1
MAPPING;OdBm::BuiltInParameter::CALLOUT_ATTR_HEAD_TAG;-1008200
MAPPING;OdBm::BuiltInParameter::ELEV_SYMBOL_ID;-1007610
MAPPING;OdBm::BuiltInParameter::SECTION_ATTR_TAIL_TAG;-1006608
MAPPING;OdBm::BuiltInParameter::SPOT_ELEV_SYMBOL;-1006436

OdBm::BuiltInParameter::REPEATING_DETAIL_ROTATION;-1011109
VALUE;0;None
VALUE;1;90° Clockwise
VALUE;2;180°
VALUE;3;90° Counterclockwise

OdBm::BuiltInParameter::ROOF_EAVE_CUT_PARAM;-1001710
VALUE;33615;Plumb Cut
VALUE;33618;Two Cut - Square
VALUE;33619;Two Cut - Plumb

OdBm::BuiltInParameter::ROOF_FACES_LOCATION;-1001714
VALUE;26;Faces at Top of the Roof
VALUE;27;Faces at Bottom of the Roof

OdBm::BuiltInParameter::ROOF_RAFTER_OR_TRUSS_PARAM;-1001709
VALUE;0;Truss
VALUE;1;Rafter

OdBm::BuiltInParameter::ROOM_BASE_HEAT_LOAD_ON_PARAM;-1114259
VALUE;-1;By Space Type
VALUE;0;Specified
VALUE;1;Specified Supply Airflow
VALUE;2;Calculated Supply Airflow
VALUE;3;Actual Supply Airflow
MAPPING;OdBm::BuiltInParameter::ROOM_BASE_RETURN_AIRFLOW_ON_PARAM;-1114252

OdBm::BuiltInParameter::ROOM_BASE_LIGHTING_LOAD_ON_PARAM;-1114224
VALUE;-1;By Space Type
VALUE;0;Specified Lighting Load Values
VALUE;2;Actual Lighting Load Values
VALUE;4;By Space Type

OdBm::BuiltInParameter::ROOM_BASE_POWER_LOAD_ON_PARAM;-1114223
VALUE;-1;By Space Type
VALUE;0;Specified Power Load Values
VALUE;2;Actual Power Load Values
VALUE;4;By Space Type

OdBm::BuiltInParameter::ROOM_CONDITION_TYPE_PARAM;-1114171
VALUE;0;Heated
VALUE;1;Cooled
VALUE;2;Heated and cooled
VALUE;3;Unconditioned
VALUE;4;Vented
VALUE;5;Naturally vented only

OdBm::BuiltInParameter::ROOM_LIGHTING_LOAD_UNITS_PARAM;-1114258
VALUE;0;Power Density
VALUE;1;Power
MAPPING;OdBm::BuiltInParameter::ROOM_POWER_LOAD_UNITS_PARAM;-1114257

OdBm::BuiltInParameter::ROOM_OCCUPANCY_UNIT_PARAM;-1114173
VALUE;-1;By Space Type
VALUE;0;Number of people
VALUE;1;Area per Person

OdBm::BuiltInParameter::ROOM_OUTDOOR_AIRFLOW_STANDARD_PARAM;-1154687
VALUE;0;by People and by Area
VALUE;1;by ACH
VALUE;2;Max(by People, by Area)
VALUE;3;Max(by ACH, by People and by Area)
VALUE;4;Max(by ACH, by Area, by People)

OdBm::BuiltInParameter::ROOM_TAG_ORIENTATION_PARAM;-1007004
VALUE;0;Horizontal
VALUE;1;Vertical
VALUE;2;Model
VALUE;3;Horizontal
MAPPING;OdBm::BuiltInParameter::TAG_ORIENTATION_PARAM;-1007003
MAPPING;OdBm::BuiltInParameter::NUMBER_SYSTEM_ORIENTATION;-1006639
MAPPING;OdBm::BuiltInParameter::STAIRS_TEXT_ORIENTATION;-1006636
MAPPING;OdBm::BuiltInParameter::SPOT_ELEV_TEXT_ORIENTATION;-1006453

OdBm::BuiltInParameter::RVT_LINK_REFERENCE_TYPE;-1007727
VALUE;2;Overlay
VALUE;3;Attachment

OdBm::BuiltInParameter::SECTION_BROKEN_DISPLAY_STYLE;-1006615
VALUE;0;Gapped
VALUE;1;Continuous
VALUE;2;Baseline
VALUE;3;Ordinate
MAPPING;OdBm::BuiltInParameter::LINEAR_DIM_TYPE;-1006467

OdBm::BuiltInParameter::SECTION_SHOW_IN_ONE_VIEW_ONLY;-1006609
VALUE;0;Intersecting Views
VALUE;1;Parent View Only

OdBm::BuiltInParameter::SLANTED_COLUMN_BASE_CUT_STYLE;-1150205
VALUE;0;Perpendicular
VALUE;1;Horizontal
VALUE;2;Vertical
MAPPING;OdBm::BuiltInParameter::SLANTED_COLUMN_TOP_CUT_STYLE;-1150204

OdBm::BuiltInParameter::SLANTED_COLUMN_TYPE_PARAM;-1150171
VALUE;0;Vertical
VALUE;1;Slanted - Angle Driven
VALUE;2;Slanted - End Point Driven
VALUE;3;Vertical

OdBm::BuiltInParameter::SPACING_JUSTIFICATION_2;-1013335
VALUE;1;Beginning
VALUE;2;Center
VALUE;3;End
VALUE;4;Beginning
VALUE;5;End
MAPPING;OdBm::BuiltInParameter::SPACING_JUSTIFICATION_1;-1013334
MAPPING;OdBm::BuiltInParameter::SPACING_JUSTIFICATION_HORIZ;-1013305
MAPPING;OdBm::BuiltInParameter::SPACING_JUSTIFICATION_VERT;-1013304

OdBm::BuiltInParameter::SPECIFY_SLOPE_OR_OFFSET;-1006012
VALUE;0;Height at Tail
VALUE;1;Slope

OdBm::BuiltInParameter::SPOT_ELEV_BOT_VALUE;-1006457
VALUE;0;None
VALUE;1;North / South
VALUE;2;East / West
MAPPING;OdBm::BuiltInParameter::SPOT_ELEV_TOP_VALUE;-1006455

OdBm::BuiltInParameter::SPOT_ELEV_DISPLAY_ELEVATIONS;-1006469
VALUE;0;Actual (Selected) Elevation
VALUE;1;Top Elevation
VALUE;2;Bottom Elevation
VALUE;3;Top & Bottom Elevations

OdBm::BuiltInParameter::SPOT_ELEV_IND_TYPE_ELEVATION;-1006489
VALUE;0;Prefix
VALUE;1;Suffix
MAPPING;OdBm::BuiltInParameter::SPOT_ELEV_IND_TYPE_BOTTOM;-1006475
MAPPING;OdBm::BuiltInParameter::SPOT_ELEV_IND_TYPE_TOP;-1006474
MAPPING;OdBm::BuiltInParameter::SPOT_ELEV_IND_TYPE;-1006458

OdBm::BuiltInParameter::SPOT_ELEV_TEXT_LOCATION;-1006471
VALUE;0;Above Leader
VALUE;1;Below Leader
VALUE;2;In-line with Leader

OdBm::BuiltInParameter::SPOT_SLOPE_SLOPE_REPRESENTATION;-1006493
VALUE;0;Arrow
VALUE;1;Triangle

OdBm::BuiltInParameter::STAIRSTYPE_GEOMUNJOINED_END_CUT_STYLE;-1151224
VALUE;0;Straight Cut
VALUE;1;Notch

OdBm::BuiltInParameter::STAIRSTYPE_HAS_RIGHT_SUPPORT;-1151232
VALUE;0;None
VALUE;1;Stringer (Closed)
VALUE;2;Carriage (Open)
MAPPING;OdBm::BuiltInParameter::STAIRSTYPE_HAS_LEFT_SUPPORT;-1151231

OdBm::BuiltInParameter::STAIRSTYPE_WINDER_STEP_FRONT_MEASUREMENT;-1151215
VALUE;0;By Riser Line

OdBm::BuiltInParameter::STAIRS_ATTR_RIGHT_SIDE_STRINGER;-1007265
VALUE;0;None
VALUE;1;Closed
VALUE;2;Open
MAPPING;OdBm::BuiltInParameter::STAIRS_ATTR_LEFT_SIDE_STRINGER;-1007264

OdBm::BuiltInParameter::STAIRS_ATTR_RISER_TYPE;-1007243
VALUE;0;None
VALUE;1;Straight
VALUE;2;Slanted

OdBm::BuiltInParameter::STAIRS_ATTR_SIDE_STRINGER_TYPE_PARAM;-1007236
VALUE;0;Closed
VALUE;1;Open

OdBm::BuiltInParameter::STAIRS_ATTR_TRIM_TOP;-1007277
VALUE;0;Do not trim
VALUE;1;Match Level
VALUE;2;Match Landing Stringer

OdBm::BuiltInParameter::STAIRS_RAILING_ANGLED_CONNECTION;-1008631
VALUE;0;Add Vertical/Horizontal Segments
VALUE;1;No Connector
VALUE;2;Extend Rails to Meet
MAPPING;OdBm::BuiltInParameter::STAIRS_RAILING_TANGENT_CONNECTION;-1008630

OdBm::BuiltInParameter::STAIRS_RAILING_BALUSTER_SPACING_TYPE;-1008608
VALUE;0;Use Baluster Separation
VALUE;1;Balusters Per Tread (Stair Railing Only)

OdBm::BuiltInParameter::STAIRS_RAILING_CONNECTION;-1008632
VALUE;0;Trim
VALUE;1;Weld

OdBm::BuiltInParameter::STAIRS_RAILING_SHAPE;-1008614
VALUE;0;Rectangular

OdBm::BuiltInParameter::STAIRS_RUNTYPE_UNDERSIDE_SURFACE_TYPE;-1151402
VALUE;0;Stepped
VALUE;1;Smooth
MAPPING;OdBm::BuiltInParameter::STAIRS_ATTR_STAIRS_BOTTOM;-1007256

OdBm::BuiltInParameter::STAIRS_RUN_LOCATIONPATH_JUSTFICATION;-1151318
VALUE;0;Run: Left
VALUE;1;Run: Center
VALUE;2;Run: Right
VALUE;3;Exterior Support: Left
VALUE;4;Exterior Support: Right

OdBm::BuiltInParameter::STAIRS_STRINGERS_PRESENT;-1007234
VALUE;0;None
VALUE;1;Left and Right
VALUE;2;Left Only
VALUE;3;Middle Only
VALUE;4;Right Only
VALUE;5;Left and Middle
VALUE;6;Middle and Right
VALUE;7;Left, Middle, and Right

OdBm::BuiltInParameter::STAIRS_SUPPORT_TRIM_SUPPORT_UPPER;-1151708
VALUE;0;Do not trim
VALUE;1;Match Level
VALUE;2;Match Landing Support

OdBm::BuiltInParameter::STAIRS_SUPPORT_UPPER_END_CUT;-1151706
VALUE;0;Perpendicular
VALUE;1;Vertical Cut
VALUE;2;Horizontal Cut
MAPPING;OdBm::BuiltInParameter::STAIRS_SUPPORT_LOWER_END_CUT;-1151705

OdBm::BuiltInParameter::STAIRS_TRISERTYPE_NOSING_PLACEMENT;-1152175
VALUE;0;Front Only
VALUE;1;Front and Left
VALUE;2;Front and Right
VALUE;3;Front, Left and Right
MAPPING;OdBm::BuiltInParameter::STAIRS_ATTR_NOSING_PLACEMENT;-1007263

OdBm::BuiltInParameter::STAIRS_TRISERTYPE_RISER_TREAD_CONNECTION;-1152161
VALUE;0;Extend Riser Behind Tread
VALUE;1;Extend Tread Under Riser
VALUE;2;Join All Risers And Treads
MAPPING;OdBm::BuiltInParameter::STAIRS_ATTR_RISER_TREAD_CONNECT;-1007262

OdBm::BuiltInParameter::STAIRS_WINDERPATTERN_WINDER_STYLE;-1151901
VALUE;0;Balanced
VALUE;2;Single Point

OdBm::BuiltInParameter::STRUCTURAL_ANALYTICAL_BEAM_RIGID_LINK;-1001595
VALUE;0;From Column
VALUE;1;Yes
VALUE;2;No

OdBm::BuiltInParameter::STRUCTURAL_ANALYZES_AS;-1001576
VALUE;0;Hanger
VALUE;1;Gravity
VALUE;2;Lateral
VALUE;6;Not for analysis
VALUE;8;Gravity and Lateral

OdBm::BuiltInParameter::STRUCTURAL_BEAM_CUTBACK_FOR_COLUMN;-1001575
VALUE;0;From geometry
VALUE;1;From bounding box

OdBm::BuiltInParameter::STRUCTURAL_BEAM_END_ATTACHMENT_TYPE;-1150215
VALUE;1;Distance
VALUE;4;End Elevation
MAPPING;OdBm::BuiltInParameter::STRUCTURAL_BEAM_START_ATTACHMENT_TYPE;-1150214

OdBm::BuiltInParameter::STRUCTURAL_BEAM_ORIENTATION;-1001573
VALUE;0;Normal
VALUE;1;Horizontal

OdBm::BuiltInParameter::STRUCTURAL_BRACE_REPRESENTATION;-1001507
VALUE;1;Parallel Line
VALUE;2;Line with Angle
VALUE;3;Kicker Brace

OdBm::BuiltInParameter::STRUCTURAL_DISPLAY_IN_HIDDEN_VIEWS_COLUMN;-1001585
VALUE;0;Edges Hidden by Other Members
VALUE;1;Edges Hidden by Column Itself
VALUE;2;All Edges

OdBm::BuiltInParameter::STRUCTURAL_DISPLAY_IN_HIDDEN_VIEWS_FRAMING;-1001584
VALUE;0;Edges Hidden by Other Members
VALUE;1;Edges Hidden by Beam Itself
VALUE;2;All Edges

OdBm::BuiltInParameter::STRUCTURAL_FLOOR_ANALYZES_AS;-1001577
VALUE;3;One-Way
VALUE;4;Foundation
VALUE;5;Slab on Grade
VALUE;7;Two-Way

OdBm::BuiltInParameter::STRUCTURAL_STICK_SYMBOL_LOCATION;-1001503
VALUE;0;Center of Geometry
VALUE;1;Top of Geometry
VALUE;2;Bottom of Geometry
VALUE;3;Location Line

OdBm::BuiltInParameter::STRUCT_CONNECTION_APPLY_TO;-1018800
VALUE;0;Beams and Braces
VALUE;1;Column Top
VALUE;2;Column Base

OdBm::BuiltInParameter::STRUCT_FRAM_JOIN_STATUS;-1152383
VALUE;0;Both joins enabled

OdBm::BuiltInParameter::TAG_LEADER_TYPE;-1007006
VALUE;0;Attached End
VALUE;1;Free End

OdBm::BuiltInParameter::TEXT_ALIGN_HORZ;-1006308
VALUE;127;Left
VALUE;128;Center
VALUE;255;Left
VALUE;256;Right

OdBm::BuiltInParameter::TEXT_ALIGN_VERT;-1006309
VALUE;1023;Top
VALUE;1024;Middle
VALUE;2047;Top
VALUE;2048;Bottom

OdBm::BuiltInParameter::TRUSS_ELEMENT_BEARING_JUST_PARAM;-1140706
VALUE;0;Center
VALUE;1;Top
VALUE;2;Bottom

OdBm::BuiltInParameter::TRUSS_ELEMENT_STICK_JUST_PARAM;-1140714
VALUE;0;Top Chord
VALUE;1;Bottom Chord
VALUE;2;Bearing Chord

OdBm::BuiltInParameter::TRUSS_FAMILY_BOTTOM_CHORD_START_RELEASE_TYPE;-1140762
VALUE;0;Fixed
VALUE;1;Pinned
VALUE;2;Bending Moment
VALUE;3;User Defined
VALUE;4;None
MAPPING;OdBm::BuiltInParameter::TRUSS_FAMILY_BOTTOM_CHORD_END_RELEASE_TYPE;-1140761
MAPPING;OdBm::BuiltInParameter::TRUSS_FAMILY_TOP_CHORD_START_RELEASE_TYPE;-1140742
MAPPING;OdBm::BuiltInParameter::TRUSS_FAMILY_TOP_CHORD_END_RELEASE_TYPE;-1140741
MAPPING;OdBm::BuiltInParameter::TRUSS_FAMILY_DIAG_WEB_START_RELEASE_TYPE;-1140732
MAPPING;OdBm::BuiltInParameter::TRUSS_FAMILY_DIAG_WEB_END_RELEASE_TYPE;-1140731
MAPPING;OdBm::BuiltInParameter::TRUSS_FAMILY_VERT_WEB_START_RELEASE_TYPE;-1140722
MAPPING;OdBm::BuiltInParameter::TRUSS_FAMILY_VERT_WEB_END_RELEASE_TYPE;-1140721
MAPPING;OdBm::BuiltInParameter::STRUCTURAL_BOTTOM_RELEASE_TYPE;-1001537
MAPPING;OdBm::BuiltInParameter::STRUCTURAL_TOP_RELEASE_TYPE;-1001536
MAPPING;OdBm::BuiltInParameter::STRUCTURAL_END_RELEASE_TYPE;-1001516
MAPPING;OdBm::BuiltInParameter::STRUCTURAL_START_RELEASE_TYPE;-1001515

OdBm::BuiltInParameter::TRUSS_FAMILY_BOTTOM_CHORD_VERTICAL_PROJECTION_PARAM;-1140763
VALUE;-14;Location Line
VALUE;-4;Bottom of Beam
VALUE;-3;Center of Beam
VALUE;-2;Top of Beam
VALUE;-1;Auto-Detect
MAPPING;OdBm::BuiltInParameter::TRUSS_FAMILY_TOP_CHORD_VERTICAL_PROJECTION_PARAM;-1140743

OdBm::BuiltInParameter::TRUSS_FAMILY_TRANSFORMATION_PARAM;-1140711
VALUE;0;Vertical
VALUE;1;Orthogonal

OdBm::BuiltInParameter::TYPE_WALL_CLOSURE;-1001390
VALUE;0;By host
VALUE;1;Neither
VALUE;2;Interior
VALUE;3;Exterior
VALUE;4;Both

OdBm::BuiltInParameter::VIEWER_PERSPECTIVE;-1005050
VALUE;0;Orthographic
VALUE;1;Perspective
VALUE;2;Orthographic

OdBm::BuiltInParameter::VIEWPORT_ATTR_ORIENTATION_ON_SHEET;-1005254
VALUE;0;None
VALUE;1;90° Clockwise
VALUE;2;90° Counterclockwise

OdBm::BuiltInParameter::VIEWPORT_ATTR_SHOW_LABEL;-1005251
VALUE;0;No
VALUE;1;Yes
VALUE;2;When multiple viewports

OdBm::BuiltInParameter::VIEW_CLEAN_JOINS;-1005158
VALUE;0;Clean all wall joins
VALUE;1;Clean same type wall joins

OdBm::BuiltInParameter::VIEW_DISCIPLINE;-1005163
VALUE;1;Architectural
VALUE;2;Structural
VALUE;4;Mechanical
VALUE;8;Electrical
VALUE;16;Plumbing
VALUE;4095;Coordination

OdBm::BuiltInParameter::VIEW_MODEL_DISPLAY_MODE;-1005161
VALUE;0;Normal
VALUE;1;Halftone
VALUE;2;Do not display

OdBm::BuiltInParameter::VIEW_PARTS_VISIBILITY;-1011003
VALUE;-1;Unset
VALUE;0;ShowPartsOnly
VALUE;1;ShowOriginalOnly
VALUE;2;ShowPartsAndOriginal

OdBm::BuiltInParameter::VIEW_SHOW_HIDDEN_LINES;-1154613
VALUE;0;None
VALUE;1;ByDiscipline
VALUE;2;All
VALUE;5;Pump
MAPPING;OdBm::BuiltInParameter::MEP_EQUIPMENT_CLASSIFICATION;-1153100

OdBm::BuiltInParameter::VIEW_UNDERLAY_ORIENTATION;-1005177
VALUE;0;LookingDown
VALUE;1;LookingUp

OdBm::BuiltInParameter::WALL_ALIGN_KEY_REF_PARAM;-1016021
VALUE;0;Wall Centerline
VALUE;1;Core Centerline
VALUE;2;Finish Face: Exterior
VALUE;3;Finish Face: Interior
VALUE;4;Core Face: Exterior
VALUE;5;Core Face: Interior
MAPPING;OdBm::BuiltInParameter::WALL_KEY_REF_PARAM;-1001122

OdBm::BuiltInParameter::WALL_STRUCTURAL_USAGE_PARAM;-1001119
VALUE;0;Non-bearing
VALUE;1;Bearing
VALUE;2;Shear
VALUE;3;Combined

OdBm::BuiltInParameter::WRAPPING_AT_ENDS_PARAM;-1002111
VALUE;0;None
VALUE;1;Exterior
VALUE;2;Interior

OdBm::BuiltInParameter::WRAPPING_AT_INSERTS_PARAM;-1002112
VALUE;0;Do not wrap
VALUE;1;Exterior
VALUE;2;Interior
VALUE;3;Both

OdBm::BuiltInParameter::YZ_JUSTIFICATION;-1152361
VALUE;0;Uniform
VALUE;1;Independent

OdBm::BuiltInParameter::Y_JUSTIFICATION;-1152362
VALUE;0;Left
VALUE;1;Center
VALUE;2;Origin
VALUE;3;Right

OdBm::BuiltInParameter::ZONE_SERVICE_TYPE_PARAM;-1114304
VALUE;-1;<Building>
VALUE;0;Central Heating: Radiators
VALUE;1;Central Heating: Convectors
VALUE;2;Central Heating: Radiant Floor
VALUE;3;Central Heating: Hot Air
VALUE;4;Other Room Heater
VALUE;5;Radiant Heater - Flue
VALUE;6;Radiant Heater - No Flue
VALUE;7;Radiant Heater - Multi-burner
VALUE;8;Forced Convection Heater - Flue
VALUE;9;Forced Convection Heater - No Flue
VALUE;10;VAV - Single Duct
VALUE;11;VAV - Dual Duct
VALUE;12;VAV - Indoor Packaged Cabinet
VALUE;13;VAV - Terminal Reheat
VALUE;14;Fan Coil System
VALUE;15;Induction System
VALUE;16;Constant Volume - Fixed OA
VALUE;17;Constant Volume - Variable OA
VALUE;18;Constant Volume - Terminal Reheat
VALUE;19;Multi-zone - Hot Deck / Cold Deck
VALUE;20;Constant Volume - Dual Duct
VALUE;21;Radiant Cooled Ceilings
VALUE;22;Active Chilled Beams
VALUE;23;Water Loop Heat Pump
VALUE;24;Variable Refrigerant Flow
VALUE;25;Split System(s) with Natural Ventilation
VALUE;26;Split System(s) with Mechanical Ventilation
VALUE;27;Split System(s) with Mechanical Ventilation with Cooling

OdBm::BuiltInParameter::ZONE_SPACE_OUTDOOR_AIR_OPTION_PARAM;-1114700
VALUE;0;From Space Type
VALUE;1;From Zone

OdBm::BuiltInParameter::Z_JUSTIFICATION;-1152364
VALUE;0;Top
VALUE;1;Center
VALUE;2;Origin
VALUE;3;Bottom

OdBm::BuiltInParameter::MATERIAL_ASPAINT;-1140359
VALUE;0;No
VALUE;1;Yes

StorageType;3;ElementId
VALUE;-1;(none)

ParamType;10;Yes/No
VALUE;0;No
VALUE;1;Yes
