NAME(Used only as reminder for value);VALUE;LABEL
OdBm::BuiltInCategory::OST_MatchAll;-2000002;ODBM_CSV_NULL
OdBm::BuiltInCategory::OST_MatchModel;-2000003;ODBM_CSV_NULL
OdBm::BuiltInCategory::OST_MatchAnnotation;-2000004;ODBM_CSV_NULL
OdBm::BuiltInCategory::OST_MatchDetail;-2000005;ODBM_CSV_NULL
OdBm::BuiltInCategory::OST_MatchProfile;-2000006;ODBM_CSV_NULL
OdBm::BuiltInCategory::OST_MatchSiteComponent;-2000007;ODBM_CSV_NULL
OdBm::BuiltInCategory::OST_ScheduleViewParamGroup;-2000008;ODBM_CSV_NULL
OdBm::BuiltInCategory::OST_IOSRegenerationFailure;-2000010;ODBM_CSV_NULL
OdBm::BuiltInCategory::OST_Walls;-2000011;Walls
OdBm::BuiltInCategory::OST_WallsCutOutlines;-2000012;ODBM_CSV_NULL
OdBm::BuiltInCategory::OST_WallsProjectionOutlines;-2000013;ODBM_CSV_NULL
OdBm::BuiltInCategory::OST_Windows;-2000014;Windows
OdBm::BuiltInCategory::OST_WindowsGlassCut;-2000015;ODBM_CSV_NULL
OdBm::BuiltInCategory::OST_WindowsGlassProjection;-2000016;Glass
OdBm::BuiltInCategory::OST_WindowsFrameMullionCut;-2000017;ODBM_CSV_NULL
OdBm::BuiltInCategory::OST_WindowsFrameMullionProjection;-2000018;Frame/Mullion
OdBm::BuiltInCategory::OST_WindowsSillHeadCut;-2000019;ODBM_CSV_NULL
OdBm::BuiltInCategory::OST_WindowsSillHeadProjection;-2000020;Sill/Head
OdBm::BuiltInCategory::OST_WindowsOpeningCut;-2000021;ODBM_CSV_NULL
OdBm::BuiltInCategory::OST_WindowsOpeningProjection;-2000022;Opening
OdBm::BuiltInCategory::OST_Doors;-2000023;Doors
OdBm::BuiltInCategory::OST_DoorsPanelCut;-2000024;ODBM_CSV_NULL
OdBm::BuiltInCategory::OST_DoorsPanelProjection;-2000025;Panel
OdBm::BuiltInCategory::OST_DoorsOpeningCut;-2000026;ODBM_CSV_NULL
OdBm::BuiltInCategory::OST_DoorsOpeningProjection;-2000027;Opening
OdBm::BuiltInCategory::OST_DoorsFrameMullionCut;-2000028;ODBM_CSV_NULL
OdBm::BuiltInCategory::OST_DoorsFrameMullionProjection;-2000029;Frame/Mullion
OdBm::BuiltInCategory::OST_DoorsGlassCut;-2000030;ODBM_CSV_NULL
OdBm::BuiltInCategory::OST_DoorsGlassProjection;-2000031;Glass
OdBm::BuiltInCategory::OST_Floors;-2000032;Floors
OdBm::BuiltInCategory::OST_FloorsCut;-2000033;ODBM_CSV_NULL
OdBm::BuiltInCategory::OST_FloorsProjection;-2000034;ODBM_CSV_NULL
OdBm::BuiltInCategory::OST_Roofs;-2000035;Roofs
OdBm::BuiltInCategory::OST_RoofsCut;-2000036;ODBM_CSV_NULL
OdBm::BuiltInCategory::OST_RoofsProjection;-2000037;ODBM_CSV_NULL
OdBm::BuiltInCategory::OST_Ceilings;-2000038;Ceilings
OdBm::BuiltInCategory::OST_CeilingsCut;-2000039;ODBM_CSV_NULL
OdBm::BuiltInCategory::OST_CeilingsProjection;-2000040;ODBM_CSV_NULL
OdBm::BuiltInCategory::OST_Curves;-2000041;ODBM_CSV_NULL
OdBm::BuiltInCategory::OST_CurvesThinLines;-2000042;<Thin Lines>
OdBm::BuiltInCategory::OST_CurvesMediumLines;-2000043;<Medium Lines>
OdBm::BuiltInCategory::OST_CurvesWideLines;-2000044;<Wide Lines>
OdBm::BuiltInCategory::OST_SketchLines;-2000045;<Sketch>
OdBm::BuiltInCategory::OST_IOSRegeneratedElements;-2000046;ODBM_CSV_NULL
OdBm::BuiltInCategory::OST_IOSBackedUpElements;-2000047;ODBM_CSV_NULL
OdBm::BuiltInCategory::OST_IOSAligningLine;-2000048;ODBM_CSV_NULL
OdBm::BuiltInCategory::OST_IOSAlignmentGraphics;-2000049;ODBM_CSV_NULL
OdBm::BuiltInCategory::OST_IOSConstructionLine;-2000050;ODBM_CSV_NULL
OdBm::BuiltInCategory::OST_Lines;-2000051;Lines
OdBm::BuiltInCategory::OST_IOSDatumPlane;-2000052;ODBM_CSV_NULL
OdBm::BuiltInCategory::OST_IOSFreeSnapLine;-2000053;ODBM_CSV_NULL
OdBm::BuiltInCategory::OST_IOSSuspendedSketch_obsolete;-2000054;ODBM_CSV_NULL
OdBm::BuiltInCategory::OST_IOSSketchGrid;-2000055;Work Plane Grid
OdBm::BuiltInCategory::OST_IOSFlipControl;-2000056;ODBM_CSV_NULL
OdBm::BuiltInCategory::OST_IOSThinPixel;-2000057;ODBM_CSV_NULL
OdBm::BuiltInCategory::OST_CutOutlines;-2000058;ODBM_CSV_NULL
OdBm::BuiltInCategory::OST_IOS;-2000059;Internal Object Styles
OdBm::BuiltInCategory::OST_Extrusions;-2000060;ODBM_CSV_NULL
OdBm::BuiltInCategory::OST_IOSThinPixel_Dot;-2000061;ODBM_CSV_NULL
OdBm::BuiltInCategory::OST_IOSThinPixel_Dash;-2000062;ODBM_CSV_NULL
OdBm::BuiltInCategory::OST_IOSThinPixel_DashDot;-2000063;ODBM_CSV_NULL
OdBm::BuiltInCategory::OST_InvisibleLines;-2000064;ODBM_CSV_NULL
OdBm::BuiltInCategory::OST_AxisOfRotation;-2000065;<Axis of Rotation>
OdBm::BuiltInCategory::OST_RoomSeparationLines;-2000066;<Room Separation>
OdBm::BuiltInCategory::OST_StairsSketchBoundaryLines;-2000067;<Stair/Ramp Sketch: Boundary>
OdBm::BuiltInCategory::OST_StairsSketchRiserLines;-2000068;<Stair/Ramp Sketch: Riser>
OdBm::BuiltInCategory::OST_StairsSketchRunLines;-2000069;<Stair/Ramp Sketch: Run>
OdBm::BuiltInCategory::OST_StairsSketchLandingCenterLines;-2000070;<Stair/Ramp Sketch: Landing Center>
OdBm::BuiltInCategory::OST_IOSGhost;-2000071;ODBM_CSV_NULL
OdBm::BuiltInCategory::OST_IOSGroups;-2000072;ODBM_CSV_NULL
OdBm::BuiltInCategory::OST_IOSCrashGraphics;-2000073;ODBM_CSV_NULL
OdBm::BuiltInCategory::OST_IOSCuttingGeometry;-2000074;ODBM_CSV_NULL
OdBm::BuiltInCategory::OST_IOSRoomPerimeterLines;-2000075;ODBM_CSV_NULL
OdBm::BuiltInCategory::OST_CloudLines;-2000076;ODBM_CSV_NULL
OdBm::BuiltInCategory::OST_InsulationLines;-2000077;<Insulation Batting Lines>
OdBm::BuiltInCategory::OST_GenericLines;-2000078;<Lines>
OdBm::BuiltInCategory::OST_AreaSchemeLines;-2000079;<Area Boundary>
OdBm::BuiltInCategory::OST_Furniture;-2000080;Furniture
OdBm::BuiltInCategory::OST_FillPatterns;-2000081;ODBM_CSV_NULL
OdBm::BuiltInCategory::OST_IOSNotSilhouette;-2000082;ODBM_CSV_NULL
OdBm::BuiltInCategory::OST_ReferenceLines;-2000083;Reference Lines
OdBm::BuiltInCategory::OST_IOSSlabShapeEditorExplitCrease;-2000084;ODBM_CSV_NULL
OdBm::BuiltInCategory::OST_IOSSlabShapeEditorAutoCrease;-2000085;ODBM_CSV_NULL
OdBm::BuiltInCategory::OST_IOSSlabShapeEditorBoundary;-2000086;ODBM_CSV_NULL
OdBm::BuiltInCategory::OST_IOSSlabShapeEditorPointBoundary;-2000087;ODBM_CSV_NULL
OdBm::BuiltInCategory::OST_IOSSlabShapeEditorPointInterior;-2000088;ODBM_CSV_NULL
OdBm::BuiltInCategory::OST_IOSBBoxScreenSize;-2000089;ODBM_CSV_NULL
OdBm::BuiltInCategory::OST_Curtain_Systems;-2000090;Ruled Curtain System
OdBm::BuiltInCategory::OST_IOSArrays;-2000091;Array
OdBm::BuiltInCategory::OST_IOSMeasureLine;-2000092;ODBM_CSV_NULL
OdBm::BuiltInCategory::OST_IOSWallCoreBoundary;-2000093;ODBM_CSV_NULL
OdBm::BuiltInCategory::OST_IOSSuspendedSketch;-2000094;ODBM_CSV_NULL
OdBm::BuiltInCategory::OST_IOSModelGroups;-2000095;Model Groups
OdBm::BuiltInCategory::OST_IOSDetailGroups;-2000096;Detail Groups
OdBm::BuiltInCategory::OST_IOSAttachedDetailGroups;-2000097;Attached Detail Groups
OdBm::BuiltInCategory::OST_IOSRoomTagToRoomLines;-2000098;ODBM_CSV_NULL
OdBm::BuiltInCategory::OST_IOSRebarSystemSpanSymbolCtrl;-2000099;ODBM_CSV_NULL
OdBm::BuiltInCategory::OST_Columns;-2000100;Columns
OdBm::BuiltInCategory::OST_IOSMeasureLineScreenSize;-2000101;ODBM_CSV_NULL
OdBm::BuiltInCategory::OST_EPS_Existing;-2000102;ODBM_CSV_NULL
OdBm::BuiltInCategory::OST_EPS_Demolished;-2000103;ODBM_CSV_NULL
OdBm::BuiltInCategory::OST_EPS_New;-2000104;ODBM_CSV_NULL
OdBm::BuiltInCategory::OST_EPS_Temporary;-2000105;ODBM_CSV_NULL
OdBm::BuiltInCategory::OST_EPS_Future;-2000106;ODBM_CSV_NULL
OdBm::BuiltInCategory::OST_GuideGrid;-2000107;Guide Grid
OdBm::BuiltInCategory::OST_IOSFabricReinSpanSymbolCtrl;-2000109;ODBM_CSV_NULL
OdBm::BuiltInCategory::OST_IOS_GeoLocations;-2000110;Shared Site
OdBm::BuiltInCategory::OST_IOS_GeoSite;-2000111;Location Data
OdBm::BuiltInCategory::OST_Phases;-2000112;Phases
OdBm::BuiltInCategory::OST_IOSDragBox;-2000113;ODBM_CSV_NULL
OdBm::BuiltInCategory::OST_IOSDragBoxInverted;-2000114;ODBM_CSV_NULL
OdBm::BuiltInCategory::OST_IOSRoomUpperLowerLines;-2000115;ODBM_CSV_NULL
OdBm::BuiltInCategory::OST_IOSRoomComputationHeight;-2000116;ODBM_CSV_NULL
OdBm::BuiltInCategory::OST_IOSNavWheelPivotBall;-2000117;ODBM_CSV_NULL
OdBm::BuiltInCategory::OST_Stairs;-2000120;Stairs
OdBm::BuiltInCategory::OST_StairsAboveCut_ToBeDeprecated;-2000122;ODBM_CSV_NULL
OdBm::BuiltInCategory::OST_StairsStringerCarriage;-2000123;Supports
OdBm::BuiltInCategory::OST_StairsSupportsAboveCut;-2000124;<Above> Supports
OdBm::BuiltInCategory::OST_StairsUpText;-2000125;UP Text
OdBm::BuiltInCategory::OST_StairsRailing;-2000126;Railings
OdBm::BuiltInCategory::OST_StairsRailingBaluster;-2000127;Balusters
OdBm::BuiltInCategory::OST_StairsRailingRail;-2000128;Rails
OdBm::BuiltInCategory::OST_StairsDownText;-2000129;DOWN Text
OdBm::BuiltInCategory::OST_StairsUpArrows;-2000130;Up Arrows
OdBm::BuiltInCategory::OST_StairsDownArrows;-2000131;Down Arrows
OdBm::BuiltInCategory::OST_StairsRailingAboveCut;-2000132;<Above> Railings Cut Line
OdBm::BuiltInCategory::OST_StairsRailingTags;-2000133;Railing Tags
OdBm::BuiltInCategory::OST_Fixtures;-2000140;ODBM_CSV_NULL
OdBm::BuiltInCategory::OST_GenericAnnotation;-2000150;Generic Annotations
OdBm::BuiltInCategory::OST_GenericModel;-2000151;Generic Models
OdBm::BuiltInCategory::OST_Rooms;-2000160;Rooms
OdBm::BuiltInCategory::OST_RoomInteriorFillVisibility;-2000161;Interior Fill
OdBm::BuiltInCategory::OST_RoomReferenceVisibility;-2000162;Reference
OdBm::BuiltInCategory::OST_AreaInteriorFillVisibility;-2000163;Interior Fill
OdBm::BuiltInCategory::OST_AreaReferenceVisibility;-2000164;Reference
OdBm::BuiltInCategory::OST_AreaColorFill;-2000165;Color Fill
OdBm::BuiltInCategory::OST_RoomInteriorFill;-2000166;ODBM_CSV_NULL
OdBm::BuiltInCategory::OST_RoomReference;-2000167;ODBM_CSV_NULL
OdBm::BuiltInCategory::OST_AreaInteriorFill;-2000168;ODBM_CSV_NULL
OdBm::BuiltInCategory::OST_AreaReference;-2000169;ODBM_CSV_NULL
OdBm::BuiltInCategory::OST_CurtainWallPanels;-2000170;Curtain Panels
OdBm::BuiltInCategory::OST_CurtainWallMullions;-2000171;Curtain Wall Mullions
OdBm::BuiltInCategory::OST_CurtainWallMullionsCut;-2000172;ODBM_CSV_NULL
OdBm::BuiltInCategory::OST_CurtainGrids;-2000173;Curtain Grids
OdBm::BuiltInCategory::OST_Railings;-2000175;ODBM_CSV_NULL
OdBm::BuiltInCategory::OST_RailingBalusterRail;-2000176;ODBM_CSV_NULL
OdBm::BuiltInCategory::OST_RailingBalusterRailCut;-2000177;ODBM_CSV_NULL
OdBm::BuiltInCategory::OST_Ramps;-2000180;Ramps
OdBm::BuiltInCategory::OST_Cornices;-2000181;Wall Sweeps
OdBm::BuiltInCategory::OST_Reveals;-2000182;Reveals
OdBm::BuiltInCategory::OST_Massing;-2000185;ODBM_CSV_NULL
OdBm::BuiltInCategory::OST_MassingCutOutlines;-2000186;ODBM_CSV_NULL
OdBm::BuiltInCategory::OST_MassingProjectionOutlines;-2000187;ODBM_CSV_NULL
OdBm::BuiltInCategory::OST_FilledRegion;-2000190;Filled region
OdBm::BuiltInCategory::OST_PlanRegion;-2000191;Plan Region
OdBm::BuiltInCategory::OST_FaceSplitter;-2000192;Split Face
OdBm::BuiltInCategory::OST_Matchline;-2000193;Matchline
OdBm::BuiltInCategory::OST_MaskingRegion;-2000194;Masking Region
OdBm::BuiltInCategory::OST_ModelText;-2000195;ODBM_CSV_NULL
OdBm::BuiltInCategory::OST_ImportObjectStyles;-2000196;Imports in Families
OdBm::BuiltInCategory::OST_ReferenceViewerSymbol;-2000197;View Reference
OdBm::BuiltInCategory::OST_ReferenceViewer;-2000198;View Reference
OdBm::BuiltInCategory::OST_Sections;-2000200;Sections
OdBm::BuiltInCategory::OST_SectionLine;-2000201;Section Line
OdBm::BuiltInCategory::OST_BrokenSectionLine;-2000202;Broken Section Line
OdBm::BuiltInCategory::OST_Grids;-2000220;Grids
OdBm::BuiltInCategory::OST_GridChains;-2000221;Multi-segmented Grid
OdBm::BuiltInCategory::OST_DisplacementElements;-2000222;Displacement Set
OdBm::BuiltInCategory::OST_DisplacementPath;-2000223;Displacement Path
OdBm::BuiltInCategory::OST_Levels;-2000240;Levels
OdBm::BuiltInCategory::OST_Dimensions;-2000260;Dimensions
OdBm::BuiltInCategory::OST_WeakDims;-2000261;Automatic Sketch Dimensions
OdBm::BuiltInCategory::OST_Constraints;-2000262;Constraints
OdBm::BuiltInCategory::OST_SpotElevations;-2000263;Spot Elevations
OdBm::BuiltInCategory::OST_SpotCoordinates;-2000264;Spot Coordinates
OdBm::BuiltInCategory::OST_SpotSlopes;-2000265;Spot Slopes
OdBm::BuiltInCategory::OST_RoofTags;-2000266;Roof Tags
OdBm::BuiltInCategory::OST_Assemblies;-2000267;Assemblies
OdBm::BuiltInCategory::OST_AssemblyTags;-2000268;Assembly Tags
OdBm::BuiltInCategory::OST_Parts;-2000269;Parts
OdBm::BuiltInCategory::OST_PartTags;-2000270;Part Tags
OdBm::BuiltInCategory::OST_PartHiddenLines;-2000271;<Hidden Lines>
OdBm::BuiltInCategory::OST_Viewers;-2000278;Views
OdBm::BuiltInCategory::OST_Views;-2000279;Views
OdBm::BuiltInCategory::OST_TitleBlocks;-2000280;Title Blocks
OdBm::BuiltInCategory::OST_TitleBlockThinLines;-2000281;<Thin Lines>
OdBm::BuiltInCategory::OST_TitleBlockMediumLines;-2000282;<Medium Lines>
OdBm::BuiltInCategory::OST_TitleBlockWideLines;-2000283;<Wide Lines>
OdBm::BuiltInCategory::OST_OverheadLines;-2000284;<Overhead>
OdBm::BuiltInCategory::OST_DemolishedLines;-2000285;<Demolished>
OdBm::BuiltInCategory::OST_HiddenLines;-2000286;<Hidden>
OdBm::BuiltInCategory::OST_LinesBeyond;-2000287;<Beyond>
OdBm::BuiltInCategory::OST_CenterLines;-2000288;<Centerline>
OdBm::BuiltInCategory::OST_DirectionEdgeLines;-2000289;ODBM_CSV_NULL
OdBm::BuiltInCategory::OST_Catalogs;-2000290;ODBM_CSV_NULL
OdBm::BuiltInCategory::OST_Divisions;-2000291;Divisions
OdBm::BuiltInCategory::OST_TextNotes;-2000300;Text Notes
OdBm::BuiltInCategory::OST_SectionBox;-2000301;Section Boxes
OdBm::BuiltInCategory::OST_RenderRegions;-2000302;Render Regions
OdBm::BuiltInCategory::OST_AnalysisResults;-2000303;Analysis Results
OdBm::BuiltInCategory::OST_AnalysisDisplayStyle;-2000304;Analysis Display Style
OdBm::BuiltInCategory::OST_HostFin;-2000310;ODBM_CSV_NULL
OdBm::BuiltInCategory::OST_HostFinFloor;-2000311;ODBM_CSV_NULL
OdBm::BuiltInCategory::OST_HostFinRoof;-2000312;ODBM_CSV_NULL
OdBm::BuiltInCategory::OST_HostFinCeiling;-2000313;ODBM_CSV_NULL
OdBm::BuiltInCategory::OST_HostFinWall;-2000314;ODBM_CSV_NULL
OdBm::BuiltInCategory::OST_HostFinHF;-2000315;ODBM_CSV_NULL
OdBm::BuiltInCategory::OST_CurtainGridsRoof;-2000320;Curtain Roof Grids
OdBm::BuiltInCategory::OST_CurtainGridsWall;-2000321;Curtain Wall Grids
OdBm::BuiltInCategory::OST_CurtainGridsSystem;-2000322;Curtain System Grids
OdBm::BuiltInCategory::OST_CurtainGridsCurtaSystem;-2000323;Curtain System Grids
OdBm::BuiltInCategory::OST_AreaReport_Triangle;-2000325;ODBM_CSV_NULL
OdBm::BuiltInCategory::OST_AreaReport_Boundary;-2000326;ODBM_CSV_NULL
OdBm::BuiltInCategory::OST_AreaReport_Arc_Plus;-2000327;ODBM_CSV_NULL
OdBm::BuiltInCategory::OST_AreaReport_Arc_Minus;-2000328;ODBM_CSV_NULL
OdBm::BuiltInCategory::OST_CurtaSystem;-2000340;Curtain Systems
OdBm::BuiltInCategory::OST_CurtaSystemFaceManager;-2000341;Curtain System Grid Layout
OdBm::BuiltInCategory::OST_ContourLabels;-2000350;Contour Labels
OdBm::BuiltInCategory::OST_SectionHeads;-2000400;Section Marks
OdBm::BuiltInCategory::OST_SectionHeadThinLines;-2000401;<Thin Lines>
OdBm::BuiltInCategory::OST_SectionHeadMediumLines;-2000403;<Medium Lines>
OdBm::BuiltInCategory::OST_SectionHeadWideLines;-2000404;<Wide Lines>
OdBm::BuiltInCategory::OST_WindowTags;-2000450;Window Tags
OdBm::BuiltInCategory::OST_DoorTags;-2000460;Door Tags
OdBm::BuiltInCategory::OST_RoomTags;-2000480;Room Tags
OdBm::BuiltInCategory::OST_MEPSpaceTags;-2000485;Space Tags
OdBm::BuiltInCategory::OST_Cameras;-2000500;Cameras
OdBm::BuiltInCategory::OST_Camera_Lines;-2000501;Cameras
OdBm::BuiltInCategory::OST_Viewports;-2000510;Viewports
OdBm::BuiltInCategory::OST_ViewportLabel;-2000515;View Titles
OdBm::BuiltInCategory::OST_Lights;-2000520;Lights
OdBm::BuiltInCategory::OST_CLines;-2000530;Reference Planes
OdBm::BuiltInCategory::OST_AxisX;-2000531;ODBM_CSV_NULL
OdBm::BuiltInCategory::OST_AxisY;-2000532;ODBM_CSV_NULL
OdBm::BuiltInCategory::OST_AxisZ;-2000533;ODBM_CSV_NULL
OdBm::BuiltInCategory::OST_Elev;-2000535;Elevations
OdBm::BuiltInCategory::OST_CropBoundary;-2000536;Crop Boundaries
OdBm::BuiltInCategory::OST_Callouts;-2000537;Callouts
OdBm::BuiltInCategory::OST_CalloutHeads;-2000538;Callout Heads
OdBm::BuiltInCategory::OST_CalloutBoundary;-2000539;Callout Boundary
OdBm::BuiltInCategory::OST_WallsSurfacePattern;-2000540;Surface Pattern
OdBm::BuiltInCategory::OST_FloorsSurfacePattern;-2000541;Surface Pattern
OdBm::BuiltInCategory::OST_RoofsSurfacePattern;-2000542;Surface Pattern
OdBm::BuiltInCategory::OST_CeilingsSurfacePattern;-2000543;Surface Pattern
OdBm::BuiltInCategory::OST_CalloutLeaderLine;-2000544;Callout Leader Line
OdBm::BuiltInCategory::OST_WallsAnalyticalGeometry;-2000545;ODBM_CSV_NULL
OdBm::BuiltInCategory::OST_FloorsAnalyticalGeometry;-2000546;ODBM_CSV_NULL
OdBm::BuiltInCategory::OST_AnnotationCrop;-2000547;Annotation Crop Boundary
OdBm::BuiltInCategory::OST_CropBoundarySpecial;-2000548;Crop Boundaries
OdBm::BuiltInCategory::OST_AnnotationCropSpecial;-2000549;Annotation Crop Boundary
OdBm::BuiltInCategory::OST_ColorFillLegends;-2000550;Color Fill Legends
OdBm::BuiltInCategory::OST_RoomColorFill;-2000551;Color Fill
OdBm::BuiltInCategory::OST_ColorFillSchema;-2000552;Color Fill Schema
OdBm::BuiltInCategory::OST_RasterImages;-2000560;Raster Images
OdBm::BuiltInCategory::OST_ScheduleGraphics;-2000570;Schedule Graphics
OdBm::BuiltInCategory::OST_Schedules;-2000573;Schedules
OdBm::BuiltInCategory::OST_LegendComponents;-2000575;Legend Components
OdBm::BuiltInCategory::OST_PreviewLegendComponents;-2000576;Legend Components
OdBm::BuiltInCategory::OST_WallsMembrane;-2000580;Membrane Layer
OdBm::BuiltInCategory::OST_WallsStructure;-2000581;Structure [1]
OdBm::BuiltInCategory::OST_WallsInsulation;-2000582;Thermal/Air Layer [3]
OdBm::BuiltInCategory::OST_WallsSubstrate;-2000583;Substrate [2]
OdBm::BuiltInCategory::OST_WallsFinish1;-2000584;Finish 1 [4]
OdBm::BuiltInCategory::OST_WallsFinish2;-2000585;Finish 2 [5]
OdBm::BuiltInCategory::OST_WallsDefault;-2000586;Common Edges
OdBm::BuiltInCategory::OST_HiddenWallLines;-2000587;<Hidden Lines>
OdBm::BuiltInCategory::OST_WallsCutPattern;-2000588;Cut Pattern
OdBm::BuiltInCategory::OST_RoofsMembrane;-2000590;Membrane Layer
OdBm::BuiltInCategory::OST_RoofsStructure;-2000591;Structure [1]
OdBm::BuiltInCategory::OST_RoofsInsulation;-2000592;Thermal/Air Layer [3]
OdBm::BuiltInCategory::OST_RoofsSubstrate;-2000593;Substrate [2]
OdBm::BuiltInCategory::OST_RoofsFinish1;-2000594;Finish 1 [4]
OdBm::BuiltInCategory::OST_RoofsFinish2;-2000595;Finish 2 [5]
OdBm::BuiltInCategory::OST_RoofsDefault;-2000596;Common Edges
OdBm::BuiltInCategory::OST_RoofsCutPattern;-2000597;Cut Pattern
OdBm::BuiltInCategory::OST_RoofsInteriorEdges;-2000598;Interior Edges
OdBm::BuiltInCategory::OST_FloorsMembrane;-2000600;Membrane Layer
OdBm::BuiltInCategory::OST_FloorsStructure;-2000601;Structure [1]
OdBm::BuiltInCategory::OST_FloorsInsulation;-2000602;Thermal/Air Layer [3]
OdBm::BuiltInCategory::OST_FloorsSubstrate;-2000603;Substrate [2]
OdBm::BuiltInCategory::OST_FloorsFinish1;-2000604;Finish 1 [4]
OdBm::BuiltInCategory::OST_FloorsFinish2;-2000605;Finish 2 [5]
OdBm::BuiltInCategory::OST_FloorsDefault;-2000606;Common Edges
OdBm::BuiltInCategory::OST_HiddenFloorLines;-2000607;<Hidden Lines>
OdBm::BuiltInCategory::OST_FloorsCutPattern;-2000608;Cut Pattern
OdBm::BuiltInCategory::OST_FloorsInteriorEdges;-2000609;Interior Edges
OdBm::BuiltInCategory::OST_CeilingsMembrane;-2000610;Membrane Layer
OdBm::BuiltInCategory::OST_CeilingsStructure;-2000611;Structure [1]
OdBm::BuiltInCategory::OST_CeilingsInsulation;-2000612;Thermal/Air Layer [3]
OdBm::BuiltInCategory::OST_CeilingsSubstrate;-2000613;Substrate [2]
OdBm::BuiltInCategory::OST_CeilingsFinish1;-2000614;Finish 1 [4]
OdBm::BuiltInCategory::OST_CeilingsFinish2;-2000615;Finish 2 [5]
OdBm::BuiltInCategory::OST_CeilingsDefault;-2000616;Common Edges
OdBm::BuiltInCategory::OST_CeilingsCutPattern;-2000617;Cut Pattern
OdBm::BuiltInCategory::OST_Materials;-2000700;Materials
OdBm::BuiltInCategory::OST_ReferencePoints;-2000710;Reference Points
OdBm::BuiltInCategory::OST_ReferencePoints_Points;-2000711;Points
OdBm::BuiltInCategory::OST_ReferencePoints_Planes;-2000712;Planes
OdBm::BuiltInCategory::OST_ReferencePoints_Lines;-2000713;Lines
OdBm::BuiltInCategory::OST_ReferencePoints_HiddenLines;-2000714;ODBM_CSV_NULL
OdBm::BuiltInCategory::OST_XRayProfileEdge;-2000715;ODBM_CSV_NULL
OdBm::BuiltInCategory::OST_XRaySideEdge;-2000716;ODBM_CSV_NULL
OdBm::BuiltInCategory::OST_XRayPathCurve;-2000717;ODBM_CSV_NULL
OdBm::BuiltInCategory::OST_XRayPathPoint;-2000718;ODBM_CSV_NULL
OdBm::BuiltInCategory::OST_XRayImplicitPathCurve;-2000719;ODBM_CSV_NULL
OdBm::BuiltInCategory::OST_XRayConstrainedProfileEdge;-2000720;ODBM_CSV_NULL
OdBm::BuiltInCategory::OST_ControlAxisX;-2000721;ODBM_CSV_NULL
OdBm::BuiltInCategory::OST_ControlAxisY;-2000772;ODBM_CSV_NULL
OdBm::BuiltInCategory::OST_ControlAxisZ;-2000773;ODBM_CSV_NULL
OdBm::BuiltInCategory::OST_ControlLocal;-2000774;ODBM_CSV_NULL
OdBm::BuiltInCategory::OST_IOSTilePatternGrid;-2000800;Tile pattern grids
OdBm::BuiltInCategory::OST_IOSOpening;-2000810;Opening cut
OdBm::BuiltInCategory::OST_RemovedGridSeg;-2000827;ODBM_CSV_NULL
OdBm::BuiltInCategory::OST_InstanceDrivenLineStyle;-2000828;ODBM_CSV_NULL
OdBm::BuiltInCategory::OST_RoomPolylines;-2000829;ODBM_CSV_NULL
OdBm::BuiltInCategory::OST_AreaPolylines;-2000830;ODBM_CSV_NULL
OdBm::BuiltInCategory::OST_MEPSpaceSeparationLines;-2000831;<Space Separation>
OdBm::BuiltInCategory::OST_DimLockControlLeader;-2000832;ODBM_CSV_NULL
OdBm::BuiltInCategory::OST_PathOfTravelLines;-2000833;<Path of Travel Lines>
OdBm::BuiltInCategory::OST_PathOfTravelTags;-2000834;Path of Travel Tags
OdBm::BuiltInCategory::OST_StructLocationLineControl;-2000880;ODBM_CSV_NULL
OdBm::BuiltInCategory::OST_WallRefPlanes;-2000896;ODBM_CSV_NULL
OdBm::BuiltInCategory::OST_RoofOpening;-2000897;Roof opening cut
OdBm::BuiltInCategory::OST_FloorOpening;-2000898;Floor opening cut
OdBm::BuiltInCategory::OST_CeilingOpening;-2000899;Ceiling opening cut
OdBm::BuiltInCategory::OST_AdaptivePoints;-2000900;Adaptive Points
OdBm::BuiltInCategory::OST_AdaptivePoints_Points;-2000901;Points
OdBm::BuiltInCategory::OST_AdaptivePoints_Planes;-2000902;Planes
OdBm::BuiltInCategory::OST_AdaptivePoints_Lines;-2000903;Lines
OdBm::BuiltInCategory::OST_AdaptivePoints_HiddenLines;-2000904;ODBM_CSV_NULL
OdBm::BuiltInCategory::OST_RailingSystem;-2000905;ODBM_CSV_NULL
OdBm::BuiltInCategory::OST_RailingSystemSegment;-2000906;ODBM_CSV_NULL
OdBm::BuiltInCategory::OST_RailingSystemPost;-2000907;ODBM_CSV_NULL
OdBm::BuiltInCategory::OST_RailingSystemBaluster;-2000908;ODBM_CSV_NULL
OdBm::BuiltInCategory::OST_RailingSystemPanel;-2000909;ODBM_CSV_NULL
OdBm::BuiltInCategory::OST_RailingSystemHardware;-2000910;ODBM_CSV_NULL
OdBm::BuiltInCategory::OST_RailingSystemHandRail;-2000911;ODBM_CSV_NULL
OdBm::BuiltInCategory::OST_RailingSystemHandRailBracket;-2000912;ODBM_CSV_NULL
OdBm::BuiltInCategory::OST_RailingSystemTopRail;-2000913;ODBM_CSV_NULL
OdBm::BuiltInCategory::OST_RailingSystemRail;-2000914;ODBM_CSV_NULL
OdBm::BuiltInCategory::OST_RailingSystemTermination;-2000915;ODBM_CSV_NULL
OdBm::BuiltInCategory::OST_RailingSystemTransition;-2000916;ODBM_CSV_NULL
OdBm::BuiltInCategory::OST_RailingSystemTags;-2000917;ODBM_CSV_NULL
OdBm::BuiltInCategory::OST_StairsRuns;-2000919;Runs
OdBm::BuiltInCategory::OST_StairsLandings;-2000920;Landings
OdBm::BuiltInCategory::OST_StairsTrisers;-2000921;Treads/Risers
OdBm::BuiltInCategory::OST_AppearanceAsset;-2000923;ODBM_CSV_NULL
OdBm::BuiltInCategory::OST_PropertySet;-2000924;Material Assets
OdBm::BuiltInCategory::OST_IOSRoomCalculationPoint;-2000925;Room Calculation Point
OdBm::BuiltInCategory::OST_DividedPath;-2000926;Divided Path
OdBm::BuiltInCategory::OST_ComponentRepeater;-2000927;Repeater
OdBm::BuiltInCategory::OST_ComponentRepeaterSlot;-2000928;Repeated Component
OdBm::BuiltInCategory::OST_StairsCutMarks;-2000930;Cut Marks
OdBm::BuiltInCategory::OST_StairsCutMarksAboveCut;-2000931;<Above> Cut Marks
OdBm::BuiltInCategory::OST_StairsNosingLines;-2000932;Nosing Lines
OdBm::BuiltInCategory::OST_StairsNosingLinesAboveCut;-2000933;<Above> Nosing Lines
OdBm::BuiltInCategory::OST_StairsOutlines;-2000934;Outlines
OdBm::BuiltInCategory::OST_StairsOutlinesAboveCut;-2000935;<Above> Outlines
OdBm::BuiltInCategory::OST_StairsRiserLines;-2000936;Riser Lines
OdBm::BuiltInCategory::OST_StairsRiserLinesAboveCut;-2000937;<Above> Riser Lines
OdBm::BuiltInCategory::OST_StairsPaths;-2000938;Stair Paths
OdBm::BuiltInCategory::OST_StairsPathsAboveCut;-2000939;<Above> Up Arrows
OdBm::BuiltInCategory::OST_StairsRunTags;-2000940;Stair Run Tags
OdBm::BuiltInCategory::OST_StairsLandingTags;-2000941;Stair Landing Tags
OdBm::BuiltInCategory::OST_StairsSupportTags;-2000942;Stair Support Tags
OdBm::BuiltInCategory::OST_StairsTriserTags;-2000943;ODBM_CSV_NULL
OdBm::BuiltInCategory::OST_StairsTriserNumbers;-2000944;Stair Tread/Riser Numbers
OdBm::BuiltInCategory::OST_StairsSketchPathLines;-2000945;<Stair/Ramp Sketch: Stair Path>
OdBm::BuiltInCategory::OST_RailingTopRail;-2000946;Top Rails
OdBm::BuiltInCategory::OST_RailingHandRail;-2000947;Handrails
OdBm::BuiltInCategory::OST_RailingSupport;-2000948;Supports
OdBm::BuiltInCategory::OST_RailingTermination;-2000949;Terminations
OdBm::BuiltInCategory::OST_RailingTopRailAboveCut;-2000950;<Above> Top Rails
OdBm::BuiltInCategory::OST_RailingHandRailAboveCut;-2000951;<Above> Handrails
OdBm::BuiltInCategory::OST_StairsSupports;-2000952;Supports
OdBm::BuiltInCategory::OST_RailingRailPathLines;-2000953;ODBM_CSV_NULL
OdBm::BuiltInCategory::OST_RailingRailPathExtensionLines;-2000954;Railing Rail Path Extension Lines
OdBm::BuiltInCategory::OST_LinkAnalyticalTags;-2000955;Analytical Link Tags
OdBm::BuiltInCategory::OST_NodeAnalyticalTags;-2000956;Analytical Node Tags
OdBm::BuiltInCategory::OST_DSR_LineAndTextAttrCategoryId;-2000960;ODBM_CSV_NULL
OdBm::BuiltInCategory::OST_DSR_LineAndTextAttrFontId;-2000961;ODBM_CSV_NULL
OdBm::BuiltInCategory::OST_DSR_DimStyleTickCategoryId;-2000962;ODBM_CSV_NULL
OdBm::BuiltInCategory::OST_DSR_DimStyleHeavyEndCatId;-2000963;ODBM_CSV_NULL
OdBm::BuiltInCategory::OST_DSR_DimStyleHeavyEndCategoryId;-2000964;ODBM_CSV_NULL
OdBm::BuiltInCategory::OST_DSR_CenterlinePatternCatId;-2000965;ODBM_CSV_NULL
OdBm::BuiltInCategory::OST_DSR_CenterlineTickMarkStyleId;-2000966;ODBM_CSV_NULL
OdBm::BuiltInCategory::OST_DSR_ArrowHeadStyleId;-2000967;ODBM_CSV_NULL
OdBm::BuiltInCategory::OST_DSR_InteriorTickMarkStyleId;-2000968;ODBM_CSV_NULL
OdBm::BuiltInCategory::OST_DSR_LeaderTickMarkStyleId;-2000969;ODBM_CSV_NULL
OdBm::BuiltInCategory::OST_MultiReferenceAnnotations;-2000970;Multi-Rebar Annotations
OdBm::BuiltInCategory::OST_BeamLocalCoordSys;-2000971;Local Coordinate System
OdBm::BuiltInCategory::OST_ColumnLocalCoordSys;-2000972;Local Coordinate System
OdBm::BuiltInCategory::OST_BraceLocalCoordSys;-2000973;Local Coordinate System
OdBm::BuiltInCategory::OST_WallLocalCoordSys;-2000974;Local Coordinate System
OdBm::BuiltInCategory::OST_FloorLocalCoordSys;-2000975;Local Coordinate System
OdBm::BuiltInCategory::OST_FndSlabLocalCoordSys;-2000976;Local Coordinate System
OdBm::BuiltInCategory::OST_CoordinateSystem;-2000977;Internal Origin
OdBm::BuiltInCategory::OST_MultistoryStairs;-2000980;Multistory Stairs
OdBm::BuiltInCategory::OST_Coordination_Model;-2000982;Coordination Model
OdBm::BuiltInCategory::OST_AnalyticalPipeConnections;-2000983;Analytical Pipe Connections
OdBm::BuiltInCategory::OST_AnalyticalPipeConnectionLineSymbol;-2000984;Connection Line Symbol
OdBm::BuiltInCategory::OST_MechanicalEquipmentSet;-2000985;Mechanical Equipment Sets
OdBm::BuiltInCategory::OST_MechanicalEquipmentSetTags;-2000986;Mechanical Equipment Set Tags
OdBm::BuiltInCategory::OST_MechanicalEquipmentSetBoundaryLines;-2000987;Mechanical Equipment Set Boundary Lines
OdBm::BuiltInCategory::OST_PipeHydronicSeparationSymbols;-2000988;Hydraulic Separation Symbols
OdBm::BuiltInCategory::OST_RiseDropSymbols;-2000989;ODBM_CSV_NULL
OdBm::BuiltInCategory::OST_ColumnOpening;-2000994;Structural opening cut
OdBm::BuiltInCategory::OST_StructuralFramingOpening;-2000995;Structural opening cut
OdBm::BuiltInCategory::OST_ShaftOpening;-2000996;Shaft Openings
OdBm::BuiltInCategory::OST_SWallRectOpening;-2000997;Rectangular Straight Wall Opening
OdBm::BuiltInCategory::OST_DormerOpeningIncomplete;-2000998;ODBM_CSV_NULL
OdBm::BuiltInCategory::OST_ArcWallRectOpening;-2000999;Rectangular Arc Wall Opening
OdBm::BuiltInCategory::OST_Casework;-2001000;Casework
OdBm::BuiltInCategory::OST_MEPSystemZone;-2001001;System-Zones
OdBm::BuiltInCategory::OST_MEPSystemZoneBoundary;-2001002;ODBM_CSV_NULL
OdBm::BuiltInCategory::OST_MEPSystemZoneInteriorFill;-2001003;ODBM_CSV_NULL
OdBm::BuiltInCategory::OST_MEPSystemZoneReferenceLines;-2001004;ODBM_CSV_NULL
OdBm::BuiltInCategory::OST_MEPSystemZoneInteriorFillVisibility;-2001005;ODBM_CSV_NULL
OdBm::BuiltInCategory::OST_MEPSystemZoneReferenceLinesVisibility;-2001006;ODBM_CSV_NULL
OdBm::BuiltInCategory::OST_MEPSystemZoneTags;-2001007;System-Zone Tags
OdBm::BuiltInCategory::OST_MEPAnalyticalAirLoop;-2001008;Air Systems
OdBm::BuiltInCategory::OST_MEPAnalyticalWaterLoop;-2001009;Water Loops
OdBm::BuiltInCategory::OST_ZoneEquipment;-2001010;Zone Equipment
OdBm::BuiltInCategory::OST_ElectricalCircuitNaming;-2001011;ODBM_CSV_NULL
OdBm::BuiltInCategory::OST_Alignments;-2001012;Alignments
OdBm::BuiltInCategory::OST_AlignmentsTags;-2001015;Alignment Tags
OdBm::BuiltInCategory::OST_AlignmentStationLabelSets;-2001016;Alignment Station Label Sets
OdBm::BuiltInCategory::OST_AlignmentStationLabels;-2001017;Alignment Station Labels
OdBm::BuiltInCategory::OST_ElectricalZoneEquipment;-2001018;ODBM_CSV_NULL
OdBm::BuiltInCategory::OST_ElectricalLoadZoneType;-2001019;ODBM_CSV_NULL
OdBm::BuiltInCategory::OST_ElectricalLoadZoneInstance;-2001020;ODBM_CSV_NULL
OdBm::BuiltInCategory::OST_MEPAnalyticalBus;-2001021;ODBM_CSV_NULL
OdBm::BuiltInCategory::OST_OBSOLETE_MEPAnalyticalElectricalBranch;-2001022;ODBM_CSV_NULL
OdBm::BuiltInCategory::OST_MEPAnalyticalTransferSwitch;-2001023;ODBM_CSV_NULL
OdBm::BuiltInCategory::OST_MEPLoadAreas;-2001024;ODBM_CSV_NULL
OdBm::BuiltInCategory::OST_MEPLoadAreaTags;-2001025;ODBM_CSV_NULL
OdBm::BuiltInCategory::OST_ElectricalPowerSource;-2001026;ODBM_CSV_NULL
OdBm::BuiltInCategory::OST_MEPLoadAreaColorFill;-2001027;ODBM_CSV_NULL
OdBm::BuiltInCategory::OST_MEPLoadAreaInteriorFill;-2001028;ODBM_CSV_NULL
OdBm::BuiltInCategory::OST_MEPLoadAreaReference;-2001029;ODBM_CSV_NULL
OdBm::BuiltInCategory::OST_MEPLoadAreaInteriorFillVisibility;-2001030;ODBM_CSV_NULL
OdBm::BuiltInCategory::OST_MEPLoadAreaReferenceVisibility;-2001031;ODBM_CSV_NULL
OdBm::BuiltInCategory::OST_MEPLoadAreaSeparationLines;-2001033;ODBM_CSV_NULL
OdBm::BuiltInCategory::OST_WallNonCoreLayer;-2001034;Non-Core Layers
OdBm::BuiltInCategory::OST_WallCoreLayer;-2001035;ODBM_CSV_NULL
OdBm::BuiltInCategory::OST_Hardscape;-2001036;Hardscape
OdBm::BuiltInCategory::OST_HardscapeHiddenLines;-2001037;<Hidden Lines>
OdBm::BuiltInCategory::OST_HardscapeTags;-2001038;Hardscape Tags
OdBm::BuiltInCategory::OST_TemporaryStructure;-2001039;Temporary Structures
OdBm::BuiltInCategory::OST_ElectricalEquipment;-2001040;Electrical Equipment
OdBm::BuiltInCategory::OST_TemporaryStructureHiddenLines;-2001041;<Hidden Lines>
OdBm::BuiltInCategory::OST_TemporaryStructureTags;-2001042;Temporary Structure Tags
OdBm::BuiltInCategory::OST_FoodServiceEquipment;-2001043;Food Service Equipment
OdBm::BuiltInCategory::OST_FoodServiceEquipmentHiddenLines;-2001044;<Hidden Lines>
OdBm::BuiltInCategory::OST_FoodServiceEquipmentTags;-2001045;Food Service Equipment Tags
OdBm::BuiltInCategory::OST_MedicalEquipment;-2001046;Medical Equipment
OdBm::BuiltInCategory::OST_MedicalEquipmentHiddenLines;-2001047;<Hidden Lines>
OdBm::BuiltInCategory::OST_MedicalEquipmentTags;-2001048;Medical Equipment Tags
OdBm::BuiltInCategory::OST_FireProtection;-2001049;Fire Protection
OdBm::BuiltInCategory::OST_FireProtectionHiddenLines;-2001050;<Hidden Lines>
OdBm::BuiltInCategory::OST_FireProtectionTags;-2001051;Fire Protection Tags
OdBm::BuiltInCategory::OST_VerticalCirculation;-2001052;Vertical Circulation
OdBm::BuiltInCategory::OST_VerticalCirculationHiddenLines;-2001053;<Hidden Lines>
OdBm::BuiltInCategory::OST_VerticalCirculationTags;-2001054;Vertical Circulation Tags
OdBm::BuiltInCategory::OST_AudioVisualDevices;-2001055;Audio Visual Devices
OdBm::BuiltInCategory::OST_AudioVisualDevicesHiddenLines;-2001056;<Hidden Lines>
OdBm::BuiltInCategory::OST_AudioVisualDeviceTags;-2001057;Audio Visual Device Tags
OdBm::BuiltInCategory::OST_Signage;-2001058;Signage
OdBm::BuiltInCategory::OST_SignageHiddenLines;-2001059;<Hidden Lines>
OdBm::BuiltInCategory::OST_ElectricalFixtures;-2001060;Electrical Fixtures
OdBm::BuiltInCategory::OST_SignageTags;-2001061;Signage Tags
OdBm::BuiltInCategory::OST_FurnitureSystems;-2001100;Furniture Systems
OdBm::BuiltInCategory::OST_LightingFixtures;-2001120;Lighting Fixtures
OdBm::BuiltInCategory::OST_LightingFixtureSource;-2001121;Light Source
OdBm::BuiltInCategory::OST_MechanicalEquipment;-2001140;Mechanical Equipment
OdBm::BuiltInCategory::OST_PlumbingFixtures;-2001160;Plumbing Fixtures
OdBm::BuiltInCategory::OST_Parking;-2001180;Parking
OdBm::BuiltInCategory::OST_Property;-2001200;ODBM_CSV_NULL
OdBm::BuiltInCategory::OST_Roads;-2001220;Roads
OdBm::BuiltInCategory::OST_RoadTags;-2001221;Road Tags
OdBm::BuiltInCategory::OST_Sewer;-2001240;ODBM_CSV_NULL
OdBm::BuiltInCategory::OST_Site;-2001260;Site
OdBm::BuiltInCategory::OST_SiteSurface;-2001261;ODBM_CSV_NULL
OdBm::BuiltInCategory::OST_SitePoint;-2001262;Interior Point
OdBm::BuiltInCategory::OST_BuildingPad;-2001263;Pads
OdBm::BuiltInCategory::OST_SiteProperty;-2001265;Property Lines
OdBm::BuiltInCategory::OST_SitePointBoundary;-2001266;Boundary Point
OdBm::BuiltInCategory::OST_SitePropertyTags;-2001267;Property Tags
OdBm::BuiltInCategory::OST_SitePropertyLineSegment;-2001268;Property Line Segments
OdBm::BuiltInCategory::OST_SitePropertyLineSegmentTags;-2001269;Property Line Segment Tags
OdBm::BuiltInCategory::OST_SiteRegion;-2001270;ODBM_CSV_NULL
OdBm::BuiltInCategory::OST_ProjectBasePoint;-2001271;Project Base Point
OdBm::BuiltInCategory::OST_SharedBasePoint;-2001272;Survey Point
OdBm::BuiltInCategory::OST_BasePointAxisX;-2001273;ODBM_CSV_NULL
OdBm::BuiltInCategory::OST_BasePointAxisY;-2001274;ODBM_CSV_NULL
OdBm::BuiltInCategory::OST_BasePointAxisZ;-2001275;ODBM_CSV_NULL
OdBm::BuiltInCategory::OST_LinkBasePoint;-2001276;ODBM_CSV_NULL
OdBm::BuiltInCategory::OST_StructuralFoundation;-2001300;Structural Foundations
OdBm::BuiltInCategory::OST_HiddenStructuralFoundationLines;-2001302;<Hidden Lines>
OdBm::BuiltInCategory::OST_StructuralFraming;-2001320;Structural Framing
OdBm::BuiltInCategory::OST_StructuralFramingOther;-2001321;Other
OdBm::BuiltInCategory::OST_Girder;-2001322;Primary
OdBm::BuiltInCategory::OST_Joist;-2001323;Secondary
OdBm::BuiltInCategory::OST_Purlin;-2001324;Tertiary
OdBm::BuiltInCategory::OST_HorizontalBracing;-2001325;Plan Bracing
OdBm::BuiltInCategory::OST_VerticalBracing;-2001326;Vertical Bracing
OdBm::BuiltInCategory::OST_StructuralFramingSystem;-2001327;Structural Beam Systems
OdBm::BuiltInCategory::OST_KickerBracing;-2001328;Kicker Bracing
OdBm::BuiltInCategory::OST_HiddenStructuralFramingLines;-2001329;<Hidden Lines>
OdBm::BuiltInCategory::OST_StructuralColumns;-2001330;Structural Columns
OdBm::BuiltInCategory::OST_FramingAnalyticalGeometry;-2001331;ODBM_CSV_NULL
OdBm::BuiltInCategory::OST_ColumnAnalyticalGeometry;-2001332;ODBM_CSV_NULL
OdBm::BuiltInCategory::OST_AnalyticalRigidLinks;-2001333;Rigid Links
OdBm::BuiltInCategory::OST_HiddenStructuralColumnLines;-2001334;<Hidden Lines>
OdBm::BuiltInCategory::OST_StructuralColumnStickSymbols;-2001335;Stick Symbols
OdBm::BuiltInCategory::OST_StructuralTruss;-2001336;Structural Trusses
OdBm::BuiltInCategory::OST_TopographyLink;-2001339;Topography Links
OdBm::BuiltInCategory::OST_Topography;-2001340;Topography
OdBm::BuiltInCategory::OST_TopographySurface;-2001341;Triangulation Edges
OdBm::BuiltInCategory::OST_TopographyContours;-2001342;Primary Contours
OdBm::BuiltInCategory::OST_SecondaryTopographyContours;-2001343;Secondary Contours
OdBm::BuiltInCategory::OST_ColumnAnalyticalRigidLinks;-2001344;Rigid Links
OdBm::BuiltInCategory::OST_SpecialityEquipment;-2001350;Specialty Equipment
OdBm::BuiltInCategory::OST_Automatic;-2001351;ODBM_CSV_NULL
OdBm::BuiltInCategory::OST_RvtLinks;-2001352;RVT Links
OdBm::BuiltInCategory::OST_FootingAnalyticalGeometry;-2001353;ODBM_CSV_NULL
OdBm::BuiltInCategory::OST_StructuralStiffener;-2001354;Structural Stiffeners
OdBm::BuiltInCategory::OST_StructuralStiffenerTags;-2001355;Structural Stiffener Tags
OdBm::BuiltInCategory::OST_StructuralFramingLocationLine;-2001356;Location Lines
OdBm::BuiltInCategory::OST_StructuralColumnLocationLine;-2001357;Location Lines
OdBm::BuiltInCategory::OST_StructuralStiffenerHiddenLines;-2001358;<Hidden Lines>
OdBm::BuiltInCategory::OST_Blocks;-2001359;ODBM_CSV_NULL
OdBm::BuiltInCategory::OST_Planting;-2001360;Planting
OdBm::BuiltInCategory::OST_Entourage;-2001370;Entourage
OdBm::BuiltInCategory::OST_Fascia;-2001390;Fascias
OdBm::BuiltInCategory::OST_Gutter;-2001391;Gutters
OdBm::BuiltInCategory::OST_EdgeSlab;-2001392;Slab Edges
OdBm::BuiltInCategory::OST_RoofSoffit;-2001393;Roof Soffits
OdBm::BuiltInCategory::OST_DetailComponents;-2002000;Detail Items
OdBm::BuiltInCategory::OST_ProfileFamilies;-2003000;Profiles
OdBm::BuiltInCategory::OST_Sheets;-2003100;Sheets
OdBm::BuiltInCategory::OST_ProjectInformation;-2003101;Project Information
OdBm::BuiltInCategory::OST_Areas;-2003200;Areas
OdBm::BuiltInCategory::OST_AreaSchemes;-2003201;Area Schemes
OdBm::BuiltInCategory::OST_ZoneSchemes;-2003225;ODBM_CSV_NULL
OdBm::BuiltInCategory::OST_TrussDummy;-2003300;ODBM_CSV_NULL
OdBm::BuiltInCategory::OST_RampsIncomplete;-2003301;ODBM_CSV_NULL
OdBm::BuiltInCategory::OST_RampsAboveCut;-2003302;Ramps Beyond Cut Line
OdBm::BuiltInCategory::OST_RampsStringer;-2003303;Stringers
OdBm::BuiltInCategory::OST_RampsStringerAboveCut;-2003304;Stringers Beyond Cut Line
OdBm::BuiltInCategory::OST_RampsUpText;-2003305;UP text
OdBm::BuiltInCategory::OST_RampsDownText;-2003306;DOWN text
OdBm::BuiltInCategory::OST_RampsUpArrow;-2003307;Up Arrow
OdBm::BuiltInCategory::OST_RampsDownArrow;-2003308;Down Arrow
OdBm::BuiltInCategory::OST_RepeatingDetailLines;-2003321;ODBM_CSV_NULL
OdBm::BuiltInCategory::OST_DividedSurface;-2003323;Divided Surface
OdBm::BuiltInCategory::OST_DividedSurface_Nodes;-2003324;Nodes
OdBm::BuiltInCategory::OST_DividedSurface_Gridlines;-2003325;Gridlines
OdBm::BuiltInCategory::OST_DividedSurface_PatternLines;-2003326;Pattern Lines
OdBm::BuiltInCategory::OST_DividedSurface_PatternFill;-2003327;Pattern Fill
OdBm::BuiltInCategory::OST_DividedSurface_PreDividedSurface;-2003328;ODBM_CSV_NULL
OdBm::BuiltInCategory::OST_DividedSurface_TransparentFace;-2003329;ODBM_CSV_NULL
OdBm::BuiltInCategory::OST_AlwaysExcludedInAllViews;-2003330;ODBM_CSV_NULL
OdBm::BuiltInCategory::OST_TilePatterns;-2003331;Pattern
OdBm::BuiltInCategory::OST_DividedSurfaceBelt;-2003332;ODBM_CSV_NULL
OdBm::BuiltInCategory::OST_DividedSurface_DiscardedDivisionLines;-2003333;ODBM_CSV_NULL
OdBm::BuiltInCategory::OST_Mass;-2003400;Mass
OdBm::BuiltInCategory::OST_MassFloor;-2003403;Mass Floor
OdBm::BuiltInCategory::OST_MassForm;-2003404;Form
OdBm::BuiltInCategory::OST_MassTags;-2003405;Mass Tags
OdBm::BuiltInCategory::OST_ZoningEnvelope;-2003406;Default Zoning Envelope
OdBm::BuiltInCategory::OST_MassCutter;-2003407;Default Mass Cutter
OdBm::BuiltInCategory::OST_MassFaceSplitter;-2003408;Default Face Splitter
OdBm::BuiltInCategory::OST_HostTemplate;-2003409;Default Host Template
OdBm::BuiltInCategory::OST_MassAreaFaceTags;-2003410;Mass Floor Tags
OdBm::BuiltInCategory::OST_MassZone;-2003411;Mass Zone
OdBm::BuiltInCategory::OST_MassInteriorWall;-2003412;Mass Interior Wall
OdBm::BuiltInCategory::OST_MassExteriorWall;-2003413;Mass Exterior Wall
OdBm::BuiltInCategory::OST_MassRoof;-2003414;Mass Roof
OdBm::BuiltInCategory::OST_MassGlazing;-2003415;Mass Glazing
OdBm::BuiltInCategory::OST_MassSkylights;-2003416;Mass Skylight
OdBm::BuiltInCategory::OST_MassOpening;-2003417;Mass Opening
OdBm::BuiltInCategory::OST_MassShade;-2003418;Mass Shade
OdBm::BuiltInCategory::OST_MassSlab;-2003419;ODBM_CSV_NULL
OdBm::BuiltInCategory::OST_MassExteriorWallUnderground;-2003420;ODBM_CSV_NULL
OdBm::BuiltInCategory::OST_MassWallsAll;-2003421;Mass Walls
OdBm::BuiltInCategory::OST_MassFloorsAll;-2003422;Mass Floors
OdBm::BuiltInCategory::OST_MassGlazingAll;-2003423;Mass Windows and Skylights
OdBm::BuiltInCategory::OST_StackedWalls;-2003500;Stacked Walls
OdBm::BuiltInCategory::OST_MEPSpaces;-2003600;Spaces
OdBm::BuiltInCategory::OST_MEPSpaceInteriorFillVisibility;-2003601;Interior
OdBm::BuiltInCategory::OST_MEPSpaceReferenceVisibility;-2003602;Reference
OdBm::BuiltInCategory::OST_MEPSpaceInteriorFill;-2003603;ODBM_CSV_NULL
OdBm::BuiltInCategory::OST_MEPSpaceReference;-2003604;ODBM_CSV_NULL
OdBm::BuiltInCategory::OST_MEPSpaceColorFill;-2003605;Color Fill
OdBm::BuiltInCategory::OST_Tags;-2005000;ODBM_CSV_NULL
OdBm::BuiltInCategory::OST_CaseworkTags;-2005001;Casework Tags
OdBm::BuiltInCategory::OST_CeilingTags;-2005002;Ceiling Tags
OdBm::BuiltInCategory::OST_ElectricalEquipmentTags;-2005003;Electrical Equipment Tags
OdBm::BuiltInCategory::OST_ElectricalFixtureTags;-2005004;Electrical Fixture Tags
OdBm::BuiltInCategory::OST_FurnitureTags;-2005006;Furniture Tags
OdBm::BuiltInCategory::OST_FurnitureSystemTags;-2005007;Furniture System Tags
OdBm::BuiltInCategory::OST_LightingFixtureTags;-2005008;Lighting Fixture Tags
OdBm::BuiltInCategory::OST_MechanicalEquipmentTags;-2005009;Mechanical Equipment Tags
OdBm::BuiltInCategory::OST_PlumbingFixtureTags;-2005010;Plumbing Fixture Tags
OdBm::BuiltInCategory::OST_WallTags;-2005011;Wall Tags
OdBm::BuiltInCategory::OST_CurtainWallPanelTags;-2005012;Curtain Panel Tags
OdBm::BuiltInCategory::OST_GenericModelTags;-2005013;Generic Model Tags
OdBm::BuiltInCategory::OST_SpecialityEquipmentTags;-2005014;Specialty Equipment Tags
OdBm::BuiltInCategory::OST_StructuralFramingTags;-2005015;Structural Framing Tags
OdBm::BuiltInCategory::OST_SiteTags;-2005016;Site Tags
OdBm::BuiltInCategory::OST_ParkingTags;-2005017;Parking Tags
OdBm::BuiltInCategory::OST_StructuralColumnTags;-2005018;Structural Column Tags
OdBm::BuiltInCategory::OST_StructuralFoundationTags;-2005019;Structural Foundation Tags
OdBm::BuiltInCategory::OST_AreaTags;-2005020;Area Tags
OdBm::BuiltInCategory::OST_PlantingTags;-2005021;Planting Tags
OdBm::BuiltInCategory::OST_MultiCategoryTags;-2005022;Multi-Category Tags
OdBm::BuiltInCategory::OST_StairsTags;-2005023;Stair Tags
OdBm::BuiltInCategory::OST_HostFinTags;-2005024;ODBM_CSV_NULL
OdBm::BuiltInCategory::OST_CurtaSystemTags;-2005025;Curtain System Tags
OdBm::BuiltInCategory::OST_FloorTags;-2005026;Floor Tags
OdBm::BuiltInCategory::OST_MaterialTags;-2005027;Material Tags
OdBm::BuiltInCategory::OST_DetailComponentTags;-2005028;Detail Item Tags
OdBm::BuiltInCategory::OST_KeynoteTags;-2005029;Keynote Tags
OdBm::BuiltInCategory::OST_TrussTags;-2005030;Structural Truss Tags
OdBm::BuiltInCategory::OST_CurtainWallMullionTags;-2005032;Curtain Wall Mullion Tags
OdBm::BuiltInCategory::OST_MultiLeaderTag;-2005033;Multi Leader Tag
OdBm::BuiltInCategory::OST_SpotElevSymbols;-2005100;Spot Elevation Symbols
OdBm::BuiltInCategory::OST_SpotCoordinateSymbols;-2005101;ODBM_CSV_NULL
OdBm::BuiltInCategory::OST_SpotSlopesSymbols;-2005102;ODBM_CSV_NULL
OdBm::BuiltInCategory::OST_SpanDirectionSymbol;-2005110;Span Direction Symbol
OdBm::BuiltInCategory::OST_FootingSpanDirectionSymbol;-2005111;Foundation Span Direction Symbol
OdBm::BuiltInCategory::OST_BeamSystemTags;-2005130;Structural Beam System Tags
OdBm::BuiltInCategory::OST_Loads;-2005200;Structural Loads
OdBm::BuiltInCategory::OST_PointLoads;-2005201;Point Loads
OdBm::BuiltInCategory::OST_LineLoads;-2005202;Line Loads
OdBm::BuiltInCategory::OST_AreaLoads;-2005203;Area Loads
OdBm::BuiltInCategory::OST_InternalLoads;-2005204;Structural Internal Loads
OdBm::BuiltInCategory::OST_InternalPointLoads;-2005205;Internal Point Loads
OdBm::BuiltInCategory::OST_InternalLineLoads;-2005206;Internal Line Loads
OdBm::BuiltInCategory::OST_InternalAreaLoads;-2005207;Internal Area Loads
OdBm::BuiltInCategory::OST_LoadCases;-2005210;Structural Load Cases
OdBm::BuiltInCategory::OST_LoadCasesDead;-2005211;Dead Loads
OdBm::BuiltInCategory::OST_LoadCasesLive;-2005212;Live Loads
OdBm::BuiltInCategory::OST_LoadCasesWind;-2005213;Wind Loads
OdBm::BuiltInCategory::OST_LoadCasesSnow;-2005214;Snow Loads
OdBm::BuiltInCategory::OST_LoadCasesRoofLive;-2005215;Roof Live Loads
OdBm::BuiltInCategory::OST_LoadCasesAccidental;-2005216;Accidental Loads
OdBm::BuiltInCategory::OST_LoadCasesTemperature;-2005217;Temperature Loads
OdBm::BuiltInCategory::OST_LoadCasesSeismic;-2005218;Seismic Loads
OdBm::BuiltInCategory::OST_PointLoadTags;-2005250;Point Load Tags
OdBm::BuiltInCategory::OST_LineLoadTags;-2005251;Line Load Tags
OdBm::BuiltInCategory::OST_AreaLoadTags;-2005252;Area Load Tags
OdBm::BuiltInCategory::OST_InternalPointLoadTags;-2005253;Internal Point Load Tags
OdBm::BuiltInCategory::OST_InternalLineLoadTags;-2005254;Internal Line Load Tags
OdBm::BuiltInCategory::OST_InternalAreaLoadTags;-2005255;Internal Area Load Tags
OdBm::BuiltInCategory::OST_BoundaryConditions;-2005301;Boundary Conditions
OdBm::BuiltInCategory::OST_VolumeOfInterest;-2006000;Scope Boxes
OdBm::BuiltInCategory::OST_DecalElement;-2006001;ODBM_CSV_NULL
OdBm::BuiltInCategory::OST_DecalType;-2006002;ODBM_CSV_NULL
OdBm::BuiltInCategory::OST_LevelHeads;-2006020;Level Heads
OdBm::BuiltInCategory::OST_GridHeads;-2006040;Grid Heads
OdBm::BuiltInCategory::OST_ElevationMarks;-2006045;Elevation Marks
OdBm::BuiltInCategory::OST_EditCutProfile;-2006050;Cut Profile
OdBm::BuiltInCategory::OST_RevisionClouds;-2006060;Revision Clouds
OdBm::BuiltInCategory::OST_Revisions;-2006070;Revision
OdBm::BuiltInCategory::OST_RevisionNumberingSequences;-2006071;ODBM_CSV_NULL
OdBm::BuiltInCategory::OST_RevisionCloudTags;-2006080;Revision Cloud Tags
OdBm::BuiltInCategory::OST_StructuralAnnotations;-2006090;Structural Annotations
OdBm::BuiltInCategory::OST_StructConnectionSymbols;-2006100;Connection Symbols
OdBm::BuiltInCategory::OST_StructuralBracePlanReps;-2006110;Brace in Plan View Symbols
OdBm::BuiltInCategory::OST_DesignOptionSets;-2006112;Design Option Sets
OdBm::BuiltInCategory::OST_DesignOptions;-2006114;Design Options
OdBm::BuiltInCategory::OST_BridgeAbutments;-2006130;Abutments
OdBm::BuiltInCategory::OST_BridgePiers;-2006131;Piers
OdBm::BuiltInCategory::OST_BridgeTowers;-2006132;Pier Towers
OdBm::BuiltInCategory::OST_BridgeCables;-2006133;Bridge Cables
OdBm::BuiltInCategory::OST_BridgeArches;-2006134;Arches
OdBm::BuiltInCategory::OST_BridgeDecks;-2006135;Bridge Decks
OdBm::BuiltInCategory::OST_BridgeFoundations;-2006136;Pier Foundations
OdBm::BuiltInCategory::OST_BridgeGirders;-2006137;Primarys
OdBm::BuiltInCategory::OST_BridgeBearings;-2006138;Bearings
OdBm::BuiltInCategory::OST_BridgeAbutmentHiddenLines;-2006150;<Hidden Lines>
OdBm::BuiltInCategory::OST_BridgePierHiddenLines;-2006151;<Hidden Lines>
OdBm::BuiltInCategory::OST_BridgeDeckHiddenLines;-2006155;<Hidden Lines>
OdBm::BuiltInCategory::OST_BridgeBearingHiddenLines;-2006158;<Hidden Lines>
OdBm::BuiltInCategory::OST_BridgeAbutmentTags;-2006170;Abutment Tags
OdBm::BuiltInCategory::OST_BridgePierTags;-2006171;Pier Tags
OdBm::BuiltInCategory::OST_BridgeTowerTags;-2006172;Pier Tower Tags
OdBm::BuiltInCategory::OST_BridgeCableTags;-2006173;Bridge Cable Tags
OdBm::BuiltInCategory::OST_BridgeDeckTags;-2006175;Bridge Deck Tags
OdBm::BuiltInCategory::OST_BridgeFoundationTags;-2006176;Pier Foundation Tags
OdBm::BuiltInCategory::OST_BridgeBearingTags;-2006178;Bearing Tags
OdBm::BuiltInCategory::OST_AbutmentFoundations;-2006202;Abutment Foundations
OdBm::BuiltInCategory::OST_AbutmentPiles;-2006203;Abutment Piles
OdBm::BuiltInCategory::OST_AbutmentWalls;-2006204;Abutment Walls
OdBm::BuiltInCategory::OST_ApproachSlabs;-2006205;Approach Slabs
OdBm::BuiltInCategory::OST_AbutmentFoundationTags;-2006208;Abutment Foundation Tags
OdBm::BuiltInCategory::OST_AbutmentPileTags;-2006209;Abutment Pile Tags
OdBm::BuiltInCategory::OST_AbutmentWallTags;-2006210;Abutment Wall Tags
OdBm::BuiltInCategory::OST_ApproachSlabTags;-2006211;Approach Slab Tags
OdBm::BuiltInCategory::OST_PierCaps;-2006219;Pier Caps
OdBm::BuiltInCategory::OST_PierCapTags;-2006220;Pier Cap Tags
OdBm::BuiltInCategory::OST_PierColumns;-2006221;Pier Columns
OdBm::BuiltInCategory::OST_PierColumnTags;-2006222;Pier Column Tags
OdBm::BuiltInCategory::OST_PierPiles;-2006225;Pier Piles
OdBm::BuiltInCategory::OST_PierPileTags;-2006226;Pier Pile Tags
OdBm::BuiltInCategory::OST_PierWalls;-2006229;Pier Walls
OdBm::BuiltInCategory::OST_PierWallTags;-2006230;Pier Wall Tags
OdBm::BuiltInCategory::OST_BridgeFraming;-2006241;Bridge Framing
OdBm::BuiltInCategory::OST_BridgeFramingHiddenLines;-2006242;<Hidden Lines>
OdBm::BuiltInCategory::OST_BridgeFramingTags;-2006243;Bridge Framing Tags
OdBm::BuiltInCategory::OST_BridgeFramingCrossBracing;-2006245;Cross Bracing
OdBm::BuiltInCategory::OST_BridgeFramingDiaphragms;-2006246;Diaphragms
OdBm::BuiltInCategory::OST_BridgeFramingTrusses;-2006248;Trusses
OdBm::BuiltInCategory::OST_VibrationManagement;-2006261;Vibration Management
OdBm::BuiltInCategory::OST_VibrationManagementHiddenLines;-2006262;<Hidden Lines>
OdBm::BuiltInCategory::OST_VibrationDampers;-2006263;Vibration Dampers
OdBm::BuiltInCategory::OST_VibrationDamperTags;-2006264;Vibration Damper Tags
OdBm::BuiltInCategory::OST_VibrationIsolators;-2006265;Vibration Isolators
OdBm::BuiltInCategory::OST_VibrationIsolatorTags;-2006266;Vibration Isolator Tags
OdBm::BuiltInCategory::OST_ExpansionJoints;-2006271;Expansion Joints
OdBm::BuiltInCategory::OST_ExpansionJointHiddenLines;-2006272;<Hidden Lines>
OdBm::BuiltInCategory::OST_ExpansionJointTags;-2006273;Expansion Joint Tags
OdBm::BuiltInCategory::OST_StructuralTendons;-2006274;Structural Tendons
OdBm::BuiltInCategory::OST_StructuralTendonHiddenLines;-2006275;<Hidden Lines>
OdBm::BuiltInCategory::OST_StructuralTendonTags;-2006276;Structural Tendon Tags
OdBm::BuiltInCategory::OST_ConnectorElem;-2007000;Connector Element
OdBm::BuiltInCategory::OST_ConnectorElemXAxis;-2007001;ODBM_CSV_NULL
OdBm::BuiltInCategory::OST_ConnectorElemYAxis;-2007002;ODBM_CSV_NULL
OdBm::BuiltInCategory::OST_ConnectorElemZAxis;-2007003;ODBM_CSV_NULL
OdBm::BuiltInCategory::OST_DuctColorFillLegends;-2007004;Duct Color Fill Legends
OdBm::BuiltInCategory::OST_DuctCurves;-2008000;Ducts
OdBm::BuiltInCategory::OST_DuctCurvesCenterLine;-2008001;Center line
OdBm::BuiltInCategory::OST_DuctCurvesContour;-2008002;ODBM_CSV_NULL
OdBm::BuiltInCategory::OST_DuctTags;-2008003;Duct Tags
OdBm::BuiltInCategory::OST_FlexDuctTags;-2008004;Flex Duct Tags
OdBm::BuiltInCategory::OST_DuctColorFills;-2008005;Duct Color Fill
OdBm::BuiltInCategory::OST_DuctFitting;-2008010;Duct Fittings
OdBm::BuiltInCategory::OST_DuctTerminal;-2008013;Air Terminals
OdBm::BuiltInCategory::OST_DuctTerminalTags;-2008014;Air Terminal Tags
OdBm::BuiltInCategory::OST_DuctSystem;-2008015;Duct Systems
OdBm::BuiltInCategory::OST_DuctAccessory;-2008016;Duct Accessories
OdBm::BuiltInCategory::OST_DuctAccessoryTags;-2008017;Duct Accessory Tags
OdBm::BuiltInCategory::OST_FlexDuctCurves;-2008020;Flex Ducts
OdBm::BuiltInCategory::OST_FlexDuctCurvesCenterLine;-2008021;Center line
OdBm::BuiltInCategory::OST_FlexDuctCurvesContour;-2008022;ODBM_CSV_NULL
OdBm::BuiltInCategory::OST_FlexDuctCurvesPattern;-2008023;Pattern
OdBm::BuiltInCategory::OST_DuctCurvesRiseDrop;-2008036;Rise
OdBm::BuiltInCategory::OST_ElectricalCircuit;-2008037;Electrical Circuits
OdBm::BuiltInCategory::OST_ElectricalCircuitTags;-2008038;ODBM_CSV_NULL
OdBm::BuiltInCategory::OST_Wire;-2008039;Wires
OdBm::BuiltInCategory::OST_ElectricalVoltage;-2008040;Voltages
OdBm::BuiltInCategory::OST_ElecDistributionSys;-2008041;Distribution Systems
OdBm::BuiltInCategory::OST_ElectricalDemandFactor;-2008042;ODBM_CSV_NULL
OdBm::BuiltInCategory::OST_PipingSystem;-2008043;Piping Systems
OdBm::BuiltInCategory::OST_PipeCurves;-2008044;Pipes
OdBm::BuiltInCategory::OST_PipeCurvesCenterLine;-2008045;Center Line
OdBm::BuiltInCategory::OST_PipeCurvesContour;-2008046;ODBM_CSV_NULL
OdBm::BuiltInCategory::OST_PipeTags;-2008047;Pipe Tags
OdBm::BuiltInCategory::OST_FlexPipeTags;-2008048;Flex Pipe Tags
OdBm::BuiltInCategory::OST_PipeFitting;-2008049;Pipe Fittings
OdBm::BuiltInCategory::OST_FlexPipeCurves;-2008050;Flex Pipes
OdBm::BuiltInCategory::OST_FlexPipeCurvesCenterLine;-2008051;Center Line
OdBm::BuiltInCategory::OST_FlexPipeCurvesContour;-2008052;ODBM_CSV_NULL
OdBm::BuiltInCategory::OST_FlexPipeCurvesPattern;-2008053;Pattern
OdBm::BuiltInCategory::OST_PipeCurvesRiseDrop;-2008054;Rise
OdBm::BuiltInCategory::OST_PipeAccessory;-2008055;Pipe Accessories
OdBm::BuiltInCategory::OST_PipeAccessoryTags;-2008056;Pipe Accessory Tags
OdBm::BuiltInCategory::OST_WireTags;-2008057;Wire Tags
OdBm::BuiltInCategory::OST_PipeColorFillLegends;-2008058;Pipe Color Fill Legends
OdBm::BuiltInCategory::OST_PipeColorFills;-2008059;Pipe Color Fill
OdBm::BuiltInCategory::OST_PipeFittingTags;-2008060;Pipe Fitting Tags
OdBm::BuiltInCategory::OST_DuctFittingTags;-2008061;Duct Fitting Tags
OdBm::BuiltInCategory::OST_DuctCurvesDrop;-2008062;Drop
OdBm::BuiltInCategory::OST_DuctCurvesInsulation;-2008063;ODBM_CSV_NULL
OdBm::BuiltInCategory::OST_DuctCurvesLining;-2008064;ODBM_CSV_NULL
OdBm::BuiltInCategory::OST_FlexDuctCurvesInsulation;-2008065;ODBM_CSV_NULL
OdBm::BuiltInCategory::OST_DuctFittingCenterLine;-2008066;Center line
OdBm::BuiltInCategory::OST_DuctFittingInsulation;-2008067;ODBM_CSV_NULL
OdBm::BuiltInCategory::OST_DuctFittingLining;-2008068;ODBM_CSV_NULL
OdBm::BuiltInCategory::OST_PipeCurvesDrop;-2008069;Drop
OdBm::BuiltInCategory::OST_PipeCurvesInsulation;-2008070;ODBM_CSV_NULL
OdBm::BuiltInCategory::OST_FlexPipeCurvesInsulation;-2008071;ODBM_CSV_NULL
OdBm::BuiltInCategory::OST_PipeFittingCenterLine;-2008072;Center line
OdBm::BuiltInCategory::OST_PipeFittingInsulation;-2008073;ODBM_CSV_NULL
OdBm::BuiltInCategory::OST_WireTickMarks;-2008074;Wire Tick Marks
OdBm::BuiltInCategory::OST_TelephoneDevices;-2008075;Telephone Devices
OdBm::BuiltInCategory::OST_TelephoneDeviceTags;-2008076;Telephone Device Tags
OdBm::BuiltInCategory::OST_NurseCallDevices;-2008077;Nurse Call Devices
OdBm::BuiltInCategory::OST_NurseCallDeviceTags;-2008078;Nurse Call Device Tags
OdBm::BuiltInCategory::OST_SecurityDevices;-2008079;Security Devices
OdBm::BuiltInCategory::OST_SecurityDeviceTags;-2008080;Security Device Tags
OdBm::BuiltInCategory::OST_CommunicationDevices;-2008081;Communication Devices
OdBm::BuiltInCategory::OST_CommunicationDeviceTags;-2008082;Communication Device Tags
OdBm::BuiltInCategory::OST_DataDevices;-2008083;Data Devices
OdBm::BuiltInCategory::OST_DataDeviceTags;-2008084;Data Device Tags
OdBm::BuiltInCategory::OST_FireAlarmDevices;-2008085;Fire Alarm Devices
OdBm::BuiltInCategory::OST_FireAlarmDeviceTags;-2008086;Fire Alarm Device Tags
OdBm::BuiltInCategory::OST_LightingDevices;-2008087;Lighting Devices
OdBm::BuiltInCategory::OST_LightingDeviceTags;-2008088;Lighting Device Tags
OdBm::BuiltInCategory::OST_WireHomeRunArrows;-2008089;Home Run Arrows
OdBm::BuiltInCategory::OST_GbXMLFaces;-2008090;Analytical Surfaces
OdBm::BuiltInCategory::OST_GbXML_SType_Interior;-2008091;Interior
OdBm::BuiltInCategory::OST_GbXML_SType_Exterior;-2008092;Exterior
OdBm::BuiltInCategory::OST_GbXML_SType_Shade;-2008093;Shades
OdBm::BuiltInCategory::OST_GbXML_SType_Underground;-2008094;Underground
OdBm::BuiltInCategory::OST_GbXML_Opening;-2008095;Opening
OdBm::BuiltInCategory::OST_RouteCurve;-2008096;ODBM_CSV_NULL
OdBm::BuiltInCategory::OST_RouteCurveMain;-2008097;ODBM_CSV_NULL
OdBm::BuiltInCategory::OST_RouteCurveBranch;-2008098;ODBM_CSV_NULL
OdBm::BuiltInCategory::OST_Sprinklers;-2008099;Sprinklers
OdBm::BuiltInCategory::OST_SprinklerTags;-2008100;Sprinkler Tags
OdBm::BuiltInCategory::OST_SwitchSystem;-2008101;Switch System
OdBm::BuiltInCategory::OST_EAConstructions;-2008102;Constructions
OdBm::BuiltInCategory::OST_PipeConnections;-2008103;Pipe Connections
OdBm::BuiltInCategory::OST_PipeMaterials;-2008104;Pipe Materials
OdBm::BuiltInCategory::OST_PipeSchedules;-2008105;Pipe Schedules
OdBm::BuiltInCategory::OST_Fluids;-2008106;Fluids
OdBm::BuiltInCategory::OST_HVAC_Zones;-2008107;HVAC Zones
OdBm::BuiltInCategory::OST_HVAC_Zones_Boundary;-2008108;Boundary
OdBm::BuiltInCategory::OST_HVAC_Zones_InteriorFill;-2008109;ODBM_CSV_NULL
OdBm::BuiltInCategory::OST_HVAC_Zones_Reference;-2008110;ODBM_CSV_NULL
OdBm::BuiltInCategory::OST_WireMaterials;-2008111;Wire Materials
OdBm::BuiltInCategory::OST_WireInsulations;-2008112;Wire Insulations
OdBm::BuiltInCategory::OST_WireTemperatureRatings;-2008113;Wire Temperature Ratings
OdBm::BuiltInCategory::OST_LayoutPath_Bases;-2008114;Layout Path Bases
OdBm::BuiltInCategory::OST_ZoneTags;-2008115;Zone Tags
OdBm::BuiltInCategory::OST_HVAC_Zones_ColorFill;-2008116;Color Fill
OdBm::BuiltInCategory::OST_HVAC_Zones_InteriorFill_Visibility;-2008117;Interior Fill
OdBm::BuiltInCategory::OST_HVAC_Zones_Reference_Visibility;-2008118;Reference Lines
OdBm::BuiltInCategory::OST_HVAC_Load_Space_Types;-2008119;Space Type Settings
OdBm::BuiltInCategory::OST_HVAC_Load_Building_Types;-2008120;Building Type Settings
OdBm::BuiltInCategory::OST_HVAC_Load_Schedules;-2008121;HVAC Load Schedules
OdBm::BuiltInCategory::OST_PipeInsulations;-2008122;Pipe Insulations
OdBm::BuiltInCategory::OST_DuctInsulations;-2008123;Duct Insulations
OdBm::BuiltInCategory::OST_DuctLinings;-2008124;Duct Linings
OdBm::BuiltInCategory::OST_RoutingPreferences;-2008125;Routing Preferences
OdBm::BuiltInCategory::OST_CableTrayFitting;-2008126;Cable Tray Fittings
OdBm::BuiltInCategory::OST_CableTrayFittingTags;-2008127;Cable Tray Fitting Tags
OdBm::BuiltInCategory::OST_ConduitFitting;-2008128;Conduit Fittings
OdBm::BuiltInCategory::OST_ConduitFittingTags;-2008129;Conduit Fitting Tags
OdBm::BuiltInCategory::OST_CableTray;-2008130;Cable Trays
OdBm::BuiltInCategory::OST_CableTrayTags;-2008131;Cable Tray Tags
OdBm::BuiltInCategory::OST_Conduit;-2008132;Conduits
OdBm::BuiltInCategory::OST_ConduitTags;-2008133;Conduit Tags
OdBm::BuiltInCategory::OST_CableTrayRiseDrop;-2008134;Rise
OdBm::BuiltInCategory::OST_CableTrayDrop;-2008135;Drop
OdBm::BuiltInCategory::OST_CableTrayCenterLine;-2008136;Center line
OdBm::BuiltInCategory::OST_ConduitRiseDrop;-2008137;Rise
OdBm::BuiltInCategory::OST_ConduitDrop;-2008138;Drop
OdBm::BuiltInCategory::OST_ConduitCenterLine;-2008139;Center line
OdBm::BuiltInCategory::OST_CableTrayFittingCenterLine;-2008140;Center line
OdBm::BuiltInCategory::OST_ConduitFittingCenterLine;-2008141;Center line
OdBm::BuiltInCategory::OST_ElectricalDemandFactorDefinitions;-2008142;Electrical Demand Factor Definitions
OdBm::BuiltInCategory::OST_ElectricalLoadClassifications;-2008143;Electrical Load Classifications
OdBm::BuiltInCategory::OST_ConduitStandards;-2008144;Conduit Standards
OdBm::BuiltInCategory::OST_BranchPanelScheduleTemplates;-2008145;Panel Schedule Templates - Branch Panel
OdBm::BuiltInCategory::OST_SwitchboardScheduleTemplates;-2008146;Panel Schedule Templates - Switchboard
OdBm::BuiltInCategory::OST_DataPanelScheduleTemplates;-2008147;Panel Schedule Templates - Data Panel
OdBm::BuiltInCategory::OST_ParamElemElectricalLoadClassification;-2008148;Electrical Load Classification Parameter Element
OdBm::BuiltInCategory::OST_ConduitRun;-2008149;Conduit Runs
OdBm::BuiltInCategory::OST_CableTrayRun;-2008150;Cable Tray Runs
OdBm::BuiltInCategory::OST_PanelScheduleGraphics;-2008151;Panel Schedule Graphics
OdBm::BuiltInCategory::OST_ElectricalInternalCircuits;-2008152;Electrical Spare/Space Circuits
OdBm::BuiltInCategory::OST_DuctInsulationsTags;-2008153;Duct Insulation Tags
OdBm::BuiltInCategory::OST_DuctLiningsTags;-2008154;Duct Lining Tags
OdBm::BuiltInCategory::OST_PipeInsulationsTags;-2008155;Pipe Insulation Tags
OdBm::BuiltInCategory::OST_DuctSystem_Reference;-2008156;ODBM_CSV_NULL
OdBm::BuiltInCategory::OST_DuctSystem_Reference_Visibility;-2008157;Reference Lines
OdBm::BuiltInCategory::OST_PipingSystem_Reference;-2008158;ODBM_CSV_NULL
OdBm::BuiltInCategory::OST_PipingSystem_Reference_Visibility;-2008159;Reference Lines
OdBm::BuiltInCategory::OST_PlaceHolderDucts;-2008160;Duct Placeholders
OdBm::BuiltInCategory::OST_PlaceHolderPipes;-2008161;Pipe Placeholders
OdBm::BuiltInCategory::OST_GraphicalWarning_OpenConnector;-2008162;ODBM_CSV_NULL
OdBm::BuiltInCategory::OST_PipeSegments;-2008163;Pipe Segments
OdBm::BuiltInCategory::OST_SplitterProfile;-2008164;ODBM_CSV_NULL
OdBm::BuiltInCategory::OST_DivisionProfile;-2008165;Division Profiles
OdBm::BuiltInCategory::OST_gbXML_ExteriorWall;-2008167;Exterior Walls
OdBm::BuiltInCategory::OST_gbXML_Roof;-2008168;Roofs
OdBm::BuiltInCategory::OST_gbXML_RaisedFloor;-2008169;Raised Floors
OdBm::BuiltInCategory::OST_gbXML_SlabOnGrade;-2008170;Slabs on Grade
OdBm::BuiltInCategory::OST_gbXML_InteriorWall;-2008171;Interior Walls
OdBm::BuiltInCategory::OST_gbXML_InteriorFloor;-2008172;Interior Floors
OdBm::BuiltInCategory::OST_gbXML_Ceiling;-2008173;Ceilings
OdBm::BuiltInCategory::OST_gbXML_SurfaceAir;-2008174;Air Surfaces
OdBm::BuiltInCategory::OST_gbXML_UndergroundWall;-2008175;Underground Walls
OdBm::BuiltInCategory::OST_gbXML_UndergroundSlab;-2008176;Underground Slabs
OdBm::BuiltInCategory::OST_gbXML_UndergroundCeiling;-2008177;Underground Ceilings
OdBm::BuiltInCategory::OST_gbXML_FixedWindow;-2008178;Fixed Windows
OdBm::BuiltInCategory::OST_gbXML_OperableWindow;-2008179;Operable Windows
OdBm::BuiltInCategory::OST_gbXML_FixedSkylight;-2008180;Fixed Skylights
OdBm::BuiltInCategory::OST_gbXML_OperableSkylight;-2008181;Operable Skylights
OdBm::BuiltInCategory::OST_gbXML_SlidingDoor;-2008182;Sliding Doors
OdBm::BuiltInCategory::OST_gbXML_NonSlidingDoor;-2008183;Non-sliding Doors
OdBm::BuiltInCategory::OST_gbXML_OpeningAir;-2008184;Air Openings
OdBm::BuiltInCategory::OST_AnalyticSpaces;-2008185;Analytical Spaces
OdBm::BuiltInCategory::OST_AnalyticSurfaces;-2008186;Analytical Surfaces
OdBm::BuiltInCategory::OST_gbXML_Shade;-2008187;Shades
OdBm::BuiltInCategory::OST_DivisionRules;-2008190;Division Rules
OdBm::BuiltInCategory::OST_NumberingSchemas;-2008191;ODBM_CSV_NULL
OdBm::BuiltInCategory::OST_LayoutPathBase_Pipings;-2008192;Layout Path Base - Pipings
OdBm::BuiltInCategory::OST_FabricationDuctwork;-2008193;MEP Fabrication Ductwork
OdBm::BuiltInCategory::OST_FabricationDuctworkTags;-2008194;MEP Fabrication Ductwork Tags
OdBm::BuiltInCategory::OST_FabricationServiceElements;-2008195;ODBM_CSV_NULL
OdBm::BuiltInCategory::OST_FabricationDuctworkCenterLine;-2008196;Center Line
OdBm::BuiltInCategory::OST_LayoutNodes;-2008197;ODBM_CSV_NULL
OdBm::BuiltInCategory::OST_FabricationDuctworkInsulation;-2008198;Insulation
OdBm::BuiltInCategory::OST_FabricationPartsTmpGraphicEnd;-2008199;ODBM_CSV_NULL
OdBm::BuiltInCategory::OST_OBSOLETE_FabricationPartsTmpGraphicDrop;-2008200;ODBM_CSV_NULL
OdBm::BuiltInCategory::OST_FabricationPartsTmpGraphicDrag;-2008201;ODBM_CSV_NULL
OdBm::BuiltInCategory::OST_OBSOLETE_FabricationPartsTmpGraphicDropDrag;-2008202;ODBM_CSV_NULL
OdBm::BuiltInCategory::OST_FabricationHangers;-2008203;MEP Fabrication Hangers
OdBm::BuiltInCategory::OST_FabricationHangerTags;-2008204;MEP Fabrication Hanger Tags
OdBm::BuiltInCategory::OST_FabricationDuctworkRise;-2008205;Rise
OdBm::BuiltInCategory::OST_FabricationDuctworkDrop;-2008206;Drop
OdBm::BuiltInCategory::OST_FabricationDuctworkSymbology;-2008207;Symbology
OdBm::BuiltInCategory::OST_FabricationPipework;-2008208;MEP Fabrication Pipework
OdBm::BuiltInCategory::OST_FabricationPipeworkTags;-2008209;MEP Fabrication Pipework Tags
OdBm::BuiltInCategory::OST_FabricationPipeworkCenterLine;-2008210;Center Line
OdBm::BuiltInCategory::OST_FabricationPipeworkSymbology;-2008211;Symbology
OdBm::BuiltInCategory::OST_FabricationContainment;-2008212;MEP Fabrication Containment
OdBm::BuiltInCategory::OST_FabricationContainmentTags;-2008213;MEP Fabrication Containment Tags
OdBm::BuiltInCategory::OST_FabricationContainmentCenterLine;-2008214;Center Line
OdBm::BuiltInCategory::OST_FabricationContainmentSymbology;-2008215;Symbology
OdBm::BuiltInCategory::OST_FabricationPipeworkRise;-2008216;Rise
OdBm::BuiltInCategory::OST_FabricationPipeworkDrop;-2008217;Drop
OdBm::BuiltInCategory::OST_FabricationContainmentRise;-2008218;Rise
OdBm::BuiltInCategory::OST_FabricationContainmentDrop;-2008219;Drop
OdBm::BuiltInCategory::OST_FabricationDuctworkLining;-2008220;Lining
OdBm::BuiltInCategory::OST_FabricationPipeworkInsulation;-2008221;Insulation
OdBm::BuiltInCategory::OST_Rebar;-2009000;Structural Rebar
OdBm::BuiltInCategory::OST_RebarSketchLines;-2009001;ODBM_CSV_NULL
OdBm::BuiltInCategory::OST_RebarLines;-2009002;ODBM_CSV_NULL
OdBm::BuiltInCategory::OST_AreaRein;-2009003;Structural Area Reinforcement
OdBm::BuiltInCategory::OST_AreaReinSketchOverride;-2009004;ODBM_CSV_NULL
OdBm::BuiltInCategory::OST_AreaReinSpanSymbol;-2009005;Structural Area Reinforcement Symbols
OdBm::BuiltInCategory::OST_AreaReinBoundary;-2009006;Boundary
OdBm::BuiltInCategory::OST_AreaReinXVisibility;-2009007;ODBM_CSV_NULL
OdBm::BuiltInCategory::OST_Cage;-2009008;ODBM_CSV_NULL
OdBm::BuiltInCategory::OST_PathRein;-2009009;Structural Path Reinforcement
OdBm::BuiltInCategory::OST_PathReinSpanSymbol;-2009010;Structural Path Reinforcement Symbols
OdBm::BuiltInCategory::OST_PathReinTags;-2009011;Structural Path Reinforcement Tags
OdBm::BuiltInCategory::OST_PathReinBoundary;-2009012;Boundary
OdBm::BuiltInCategory::OST_RebarShape;-2009013;Rebar Shape
OdBm::BuiltInCategory::OST_CoverType;-2009014;Cover Type
OdBm::BuiltInCategory::OST_RebarCover;-2009015;Rebar Cover References
OdBm::BuiltInCategory::OST_FabricReinforcement;-2009016;Structural Fabric Reinforcement
OdBm::BuiltInCategory::OST_FabricAreas;-2009017;Structural Fabric Areas
OdBm::BuiltInCategory::OST_FabricAreaSketchEnvelopeLines;-2009018;<Fabric Envelope>
OdBm::BuiltInCategory::OST_FabricAreaSketchSheetsLines;-2009019;<Fabric Sheets>
OdBm::BuiltInCategory::OST_RebarTags;-2009020;Structural Rebar Tags
OdBm::BuiltInCategory::OST_AreaReinTags;-2009021;Structural Area Reinforcement Tags
OdBm::BuiltInCategory::OST_FabricReinforcementTags;-2009022;Structural Fabric Reinforcement Tags
OdBm::BuiltInCategory::OST_FabricAreaTags;-2009023;ODBM_CSV_NULL
OdBm::BuiltInCategory::OST_RebarSetToggle;-2009025;Rebar Set Toggle
OdBm::BuiltInCategory::OST_FabricReinforcementBoundary;-2009026;Boundary
OdBm::BuiltInCategory::OST_FabricReinforcementWire;-2009027;Fabric Wire
OdBm::BuiltInCategory::OST_FabricReinSpanSymbol;-2009028;Structural Fabric Reinforcement Symbols
OdBm::BuiltInCategory::OST_FabricAreaBoundary;-2009029;Boundary
OdBm::BuiltInCategory::OST_StructConnections;-2009030;Structural Connections
OdBm::BuiltInCategory::OST_StructWeldLines;-2009031;ODBM_CSV_NULL
OdBm::BuiltInCategory::OST_StructConnectionHiddenLines;-2009032;<Hidden Lines>
OdBm::BuiltInCategory::OST_StructConnectionSymbol;-2009033;Symbol
OdBm::BuiltInCategory::OST_StructConnectionStale;-2009034;ODBM_CSV_NULL
OdBm::BuiltInCategory::OST_StructConnectionFailed;-2009035;ODBM_CSV_NULL
OdBm::BuiltInCategory::OST_StructConnectionReference;-2009036;Reference
OdBm::BuiltInCategory::OST_StructConnectionProfiles;-2009037;Profiles
OdBm::BuiltInCategory::OST_StructConnectionPlates;-2009038;Plates
OdBm::BuiltInCategory::OST_StructConnectionAnchors;-2009039;Anchors
OdBm::BuiltInCategory::OST_StructConnectionTags;-2009040;Structural Connection Tags
OdBm::BuiltInCategory::OST_StructConnectionBolts;-2009041;Bolts
OdBm::BuiltInCategory::OST_StructConnectionOthers;-2009042;Others
OdBm::BuiltInCategory::OST_StructConnectionNobleWarning;-2009043;ODBM_CSV_NULL
OdBm::BuiltInCategory::OST_StructConnectionShearStuds;-2009044;Shear Studs
OdBm::BuiltInCategory::OST_StructConnectionHoles;-2009045;Holes
OdBm::BuiltInCategory::OST_StructConnectionWelds;-2009046;Welds
OdBm::BuiltInCategory::OST_StructConnectionModifiers;-2009047;Modifiers
OdBm::BuiltInCategory::OST_SteelElementStale;-2009048;ODBM_CSV_NULL
OdBm::BuiltInCategory::OST_StructSubConnections;-2009049;ODBM_CSV_NULL
OdBm::BuiltInCategory::OST_RebarHiddenLines;-2009050;<Hidden Lines>
OdBm::BuiltInCategory::OST_StructConnectionPlateTags;-2009055;Plate Tags
OdBm::BuiltInCategory::OST_StructConnectionBoltTags;-2009056;Bolt Tags
OdBm::BuiltInCategory::OST_StructConnectionAnchorTags;-2009057;Anchor Tags
OdBm::BuiltInCategory::OST_StructConnectionShearStudTags;-2009058;Shear Stud Tags
OdBm::BuiltInCategory::OST_StructConnectionWeldTags;-2009059;Weld Tags
OdBm::BuiltInCategory::OST_Coupler;-2009060;Structural Rebar Couplers
OdBm::BuiltInCategory::OST_CouplerTags;-2009061;Structural Rebar Coupler Tags
OdBm::BuiltInCategory::OST_CouplerHiddenLines;-2009062;<Hidden Lines>
OdBm::BuiltInCategory::OST_StructConnectionHoleTags;-2009063;Hole Tags
OdBm::BuiltInCategory::OST_StructConnectionProfilesTags;-2009064;Profile Tags
OdBm::BuiltInCategory::OST_WindowsHiddenLines;-2009500;<Hidden Lines>
OdBm::BuiltInCategory::OST_DoorsHiddenLines;-2009501;<Hidden Lines>
OdBm::BuiltInCategory::OST_RoofsHiddenLines;-2009502;<Hidden Lines>
OdBm::BuiltInCategory::OST_CeilingsHiddenLines;-2009503;<Hidden Lines>
OdBm::BuiltInCategory::OST_LinesHiddenLines;-2009504;<Hidden Lines>
OdBm::BuiltInCategory::OST_FurnitureHiddenLines;-2009505;<Hidden Lines>
OdBm::BuiltInCategory::OST_ColumnsHiddenLines;-2009506;<Hidden Lines>
OdBm::BuiltInCategory::OST_StairsHiddenLines;-2009507;<Hidden Lines>
OdBm::BuiltInCategory::OST_StairsRailingHiddenLines;-2009508;<Hidden Lines>
OdBm::BuiltInCategory::OST_RampsHiddenLines;-2009509;<Hidden Lines>
OdBm::BuiltInCategory::OST_CurtainWallPanelsHiddenLines;-2009510;<Hidden Lines>
OdBm::BuiltInCategory::OST_CurtainWallMullionsHiddenLines;-2009511;<Hidden Lines>
OdBm::BuiltInCategory::OST_GenericModelHiddenLines;-2009512;<Hidden Lines>
OdBm::BuiltInCategory::OST_ShaftOpeningHiddenLines;-2009513;<Hidden Lines>
OdBm::BuiltInCategory::OST_DetailComponentsHiddenLines;-2009514;<Hidden Lines>
OdBm::BuiltInCategory::OST_CaseworkHiddenLines;-2009515;<Hidden Lines>
OdBm::BuiltInCategory::OST_ElectricalEquipmentHiddenLines;-2009516;<Hidden Lines>
OdBm::BuiltInCategory::OST_ElectricalFixturesHiddenLines;-2009517;<Hidden Lines>
OdBm::BuiltInCategory::OST_FurnitureSystemsHiddenLines;-2009518;<Hidden Lines>
OdBm::BuiltInCategory::OST_LightingFixturesHiddenLines;-2009519;<Hidden Lines>
OdBm::BuiltInCategory::OST_MechanicalEquipmentHiddenLines;-2009520;<Hidden Lines>
OdBm::BuiltInCategory::OST_PlumbingFixturesHiddenLines;-2009521;<Hidden Lines>
OdBm::BuiltInCategory::OST_ParkingHiddenLines;-2009522;<Hidden Lines>
OdBm::BuiltInCategory::OST_RoadsHiddenLines;-2009523;<Hidden Lines>
OdBm::BuiltInCategory::OST_SiteHiddenLines;-2009524;<Hidden Lines>
OdBm::BuiltInCategory::OST_StructuralFramingSystemHiddenLines_Obsolete;-2009525;ODBM_CSV_NULL
OdBm::BuiltInCategory::OST_TopographyHiddenLines;-2009526;<Hidden Lines>
OdBm::BuiltInCategory::OST_SpecialityEquipmentHiddenLines;-2009527;<Hidden Lines>
OdBm::BuiltInCategory::OST_PlantingHiddenLines;-2009528;<Hidden Lines>
OdBm::BuiltInCategory::OST_EntourageHiddenLines;-2009529;<Hidden Lines>
OdBm::BuiltInCategory::OST_OBSOLETE_ElemArrayHiddenLines;-2009530;ODBM_CSV_NULL
OdBm::BuiltInCategory::OST_CurtaSystemHiddenLines;-2009531;<Hidden Lines>
OdBm::BuiltInCategory::OST_MassHiddenLines;-2009532;<Hidden Lines>
OdBm::BuiltInCategory::OST_Truss;-2009600;Structural Trusses
OdBm::BuiltInCategory::OST_TrussDiagWebCurve;-2009601;Web
OdBm::BuiltInCategory::OST_TrussVertWebCurve;-2009602;Web
OdBm::BuiltInCategory::OST_TrussTopChordCurve;-2009603;Top Chord
OdBm::BuiltInCategory::OST_TrussBottomChordCurve;-2009604;Bottom Chord
OdBm::BuiltInCategory::OST_TrussWeb;-2009605;Web
OdBm::BuiltInCategory::OST_TrussChord;-2009606;Chord
OdBm::BuiltInCategory::OST_StructuralTrussHiddenLines;-2009607;ODBM_CSV_NULL
OdBm::BuiltInCategory::OST_StructuralTrussStickSymbols;-2009608;Stick Symbols
OdBm::BuiltInCategory::OST_SunStudy;-2009609;Sun Path
OdBm::BuiltInCategory::OST_Sun;-2009610;ODBM_CSV_NULL
OdBm::BuiltInCategory::OST_SunPath1;-2009611;ODBM_CSV_NULL
OdBm::BuiltInCategory::OST_SunPath2;-2009612;ODBM_CSV_NULL
OdBm::BuiltInCategory::OST_CompassInner;-2009613;ODBM_CSV_NULL
OdBm::BuiltInCategory::OST_SunriseText;-2009614;ODBM_CSV_NULL
OdBm::BuiltInCategory::OST_CompassOuter;-2009615;ODBM_CSV_NULL
OdBm::BuiltInCategory::OST_CompassSection;-2009616;ODBM_CSV_NULL
OdBm::BuiltInCategory::OST_SunsetText;-2009617;ODBM_CSV_NULL
OdBm::BuiltInCategory::OST_Analemma;-2009618;ODBM_CSV_NULL
OdBm::BuiltInCategory::OST_SunSurface;-2009619;ODBM_CSV_NULL
OdBm::BuiltInCategory::OST_MultiSurface;-2009620;ODBM_CSV_NULL
OdBm::BuiltInCategory::OST_LightLine;-2009621;ODBM_CSV_NULL
OdBm::BuiltInCategory::OST_CompassSectionFilled;-2009622;ODBM_CSV_NULL
OdBm::BuiltInCategory::OST_CompassPrimaryMonth;-2009623;ODBM_CSV_NULL
OdBm::BuiltInCategory::OST_CompassSecondaryMonth;-2009624;ODBM_CSV_NULL
OdBm::BuiltInCategory::OST_BeamAnalytical;-2009630;Analytical Beams
OdBm::BuiltInCategory::OST_BeamStartSegment;-2009631;Start Segment
OdBm::BuiltInCategory::OST_BeamEndSegment;-2009632;End Segment
OdBm::BuiltInCategory::OST_BraceAnalytical;-2009633;Analytical Braces
OdBm::BuiltInCategory::OST_BraceStartSegment;-2009634;Start Segment
OdBm::BuiltInCategory::OST_BraceEndSegment;-2009635;End Segment
OdBm::BuiltInCategory::OST_ColumnAnalytical;-2009636;Analytical Columns
OdBm::BuiltInCategory::OST_ColumnStartSegment;-2009637;Base Segment
OdBm::BuiltInCategory::OST_ColumnEndSegment;-2009638;Top Segment
OdBm::BuiltInCategory::OST_FloorAnalytical;-2009639;Analytical Floors
OdBm::BuiltInCategory::OST_WallAnalytical;-2009640;Analytical Walls
OdBm::BuiltInCategory::OST_IsolatedFoundationAnalytical;-2009641;Analytical Isolated Foundations
OdBm::BuiltInCategory::OST_WallFoundationAnalytical;-2009642;Analytical Wall Foundations
OdBm::BuiltInCategory::OST_FoundationSlabAnalytical;-2009643;Analytical Foundation Slabs
OdBm::BuiltInCategory::OST_RigidLinksAnalytical;-2009644;ODBM_CSV_NULL
OdBm::BuiltInCategory::OST_AnalyticalNodes;-2009645;Analytical Nodes
OdBm::BuiltInCategory::OST_AnalyticalNodes_Points;-2009646;ODBM_CSV_NULL
OdBm::BuiltInCategory::OST_AnalyticalNodes_Planes;-2009647;ODBM_CSV_NULL
OdBm::BuiltInCategory::OST_AnalyticalNodes_Lines;-2009648;ODBM_CSV_NULL
OdBm::BuiltInCategory::OST_BeamAnalyticalTags;-2009649;Analytical Beam Tags
OdBm::BuiltInCategory::OST_BraceAnalyticalTags;-2009650;Analytical Brace Tags
OdBm::BuiltInCategory::OST_ColumnAnalyticalTags;-2009651;Analytical Column Tags
OdBm::BuiltInCategory::OST_FloorAnalyticalTags;-2009652;Analytical Floor Tags
OdBm::BuiltInCategory::OST_WallAnalyticalTags;-2009653;Analytical Wall Tags
OdBm::BuiltInCategory::OST_IsolatedFoundationAnalyticalTags;-2009654;Analytical Isolated Foundation Tags
OdBm::BuiltInCategory::OST_WallFoundationAnalyticalTags;-2009655;Analytical Wall Foundation Tags
OdBm::BuiltInCategory::OST_FoundationSlabAnalyticalTags;-2009656;Analytical Slab Foundation Tags
OdBm::BuiltInCategory::OST_LinksAnalytical;-2009657;Analytical Links
OdBm::BuiltInCategory::OST_AssemblyOrigin;-2009658;ODBM_CSV_NULL
OdBm::BuiltInCategory::OST_AssemblyOrigin_Points;-2009659;ODBM_CSV_NULL
OdBm::BuiltInCategory::OST_AssemblyOrigin_Planes;-2009660;ODBM_CSV_NULL
OdBm::BuiltInCategory::OST_AssemblyOrigin_Lines;-2009661;ODBM_CSV_NULL
OdBm::BuiltInCategory::OST_AnalyticalMember;-2009662;ODBM_CSV_NULL
OdBm::BuiltInCategory::OST_AnalyticalMemberTags;-2009663;ODBM_CSV_NULL
OdBm::BuiltInCategory::OST_PointClouds;-2010001;Point Clouds
OdBm::BuiltInCategory::OST_RemovedGridSeg_Obsolete_IdInWrongRange;-20000827;ODBM_CSV_NULL
OdBm::BuiltInCategory::OST_StickSymbols_Obsolete_IdInWrongRange;-20000828;ODBM_CSV_NULL
OdBm::BuiltInCategory::OST_WallRefPlanes_Obsolete_IdInWrongRange;-20000896;ODBM_CSV_NULL
OdBm::BuiltInCategory::OST_Mass_Obsolete_IdInWrongRange;-20034000;ODBM_CSV_NULL
OdBm::BuiltInCategory::OST_MassFloor_Obsolete_IdInWrongRange;-20034003;ODBM_CSV_NULL
OdBm::BuiltInCategory::OST_MassSurface_Obsolete_IdInWrongRange;-20034004;ODBM_CSV_NULL
OdBm::BuiltInCategory::OST_MassTags_Obsolete_IdInWrongRange;-20034005;ODBM_CSV_NULL
OdBm::BuiltInCategory::OST_StackedWalls_Obsolete_IdInWrongRange;-20034100;ODBM_CSV_NULL
OdBm::BuiltInCategory::OST_StairsIncomplete_Deprecated;-2000121;ODBM_CSV_NULL
OdBm::BuiltInCategory::OST_ModelArray_REMOVED_Deprecated;-2000316;ODBM_CSV_NULL
OdBm::BuiltInCategory::OST_DetailArray_REMOVED_Deprecated;-2000317;ODBM_CSV_NULL
OdBm::BuiltInCategory::OST_Stair2012_Deprecated;-2000918;ODBM_CSV_NULL
OdBm::BuiltInCategory::OST_StairStringer2012_Deprecated;-2000922;ODBM_CSV_NULL
OdBm::BuiltInCategory::OST_StructuralConnectionHandler_Deprecated;-2000978;ODBM_CSV_NULL
OdBm::BuiltInCategory::OST_HiddenStructuralConnectionLines_Deprecated;-2000979;ODBM_CSV_NULL
OdBm::BuiltInCategory::OST_MajorStations_Deprecated;-2001013;ODBM_CSV_NULL
OdBm::BuiltInCategory::OST_MinorStations_Deprecated;-2001014;ODBM_CSV_NULL
OdBm::BuiltInCategory::OST_StructuralConnectionHandlerTags_Deprecated;-2005031;ODBM_CSV_NULL
OdBm::BuiltInCategory::OST_BridgeTowerHiddenLines2021_Deprecated;-2006152;ODBM_CSV_NULL
OdBm::BuiltInCategory::OST_BridgeCableHiddenLines2021_Deprecated;-2006153;ODBM_CSV_NULL
OdBm::BuiltInCategory::OST_BridgeArchHiddenLines2021_Deprecated;-2006154;ODBM_CSV_NULL
OdBm::BuiltInCategory::OST_BridgeFoundationHiddenLines2021_Deprecated;-2006156;ODBM_CSV_NULL
OdBm::BuiltInCategory::OST_BridgeGirderHiddenLines2021_Deprecated;-2006157;ODBM_CSV_NULL
OdBm::BuiltInCategory::OST_BridgeArchTags2021_Deprecated;-2006174;ODBM_CSV_NULL
OdBm::BuiltInCategory::OST_BridgeGirderTags2021_Deprecated;-2006177;ODBM_CSV_NULL
OdBm::BuiltInCategory::OST_Stairs2012HiddenLines_Deprecated;-2009533;ODBM_CSV_NULL
OdBm::BuiltInCategory::OST_StairRun2012HiddenLines_Deprecated;-2009534;ODBM_CSV_NULL
OdBm::BuiltInCategory::OST_StairLanding2012HiddenLines_Deprecated;-2009535;ODBM_CSV_NULL
OdBm::BuiltInCategory::OST_StairTread2012HiddenLines_Deprecated;-2009536;ODBM_CSV_NULL
OdBm::BuiltInCategory::OST_StairStringer2012HiddenLines_Deprecated;-2009537;ODBM_CSV_NULL
OdBm::BuiltInCategory::OST_RailingSystemHiddenLines_Deprecated;-2009538;ODBM_CSV_NULL
OdBm::BuiltInCategory::OST_RailingSystemSegmentHiddenLines_Deprecated;-2009539;ODBM_CSV_NULL
OdBm::BuiltInCategory::OST_RailingSystemPostHiddenLines_Deprecated;-2009540;ODBM_CSV_NULL
OdBm::BuiltInCategory::OST_RailingSystemBalusterHiddenLines_Deprecated;-2009541;ODBM_CSV_NULL
OdBm::BuiltInCategory::OST_RailingSystemPanelHiddenLines_Deprecated;-2009542;ODBM_CSV_NULL
OdBm::BuiltInCategory::OST_RailingSystemPanelBracketHiddenLines_Deprecated;-2009543;ODBM_CSV_NULL
OdBm::BuiltInCategory::OST_RailingSystemHandRailHiddenLines_Deprecated;-2009544;ODBM_CSV_NULL
OdBm::BuiltInCategory::OST_RailingSystemHandRailBracketHiddenLines_Deprecated;-2009545;ODBM_CSV_NULL
OdBm::BuiltInCategory::OST_RailingSystemTopRailHiddenLines_Deprecated;-2009546;ODBM_CSV_NULL
OdBm::BuiltInCategory::OST_RailingSystemRailHiddenLines_Deprecated;-2009547;ODBM_CSV_NULL
OdBm::BuiltInCategory::OST_RailingSystemTerminationHiddenLines_Deprecated;-2009548;ODBM_CSV_NULL
OdBm::BuiltInCategory::OST_RailingSystemTransitionHiddenLines_Deprecated;-2009549;ODBM_CSV_NULL